205.500	-150.750	C	AB	0	L14
120.000	  1.500	C	BB	0	L15
174.000	180.750	C	CB	0	L16
 96.750	-155.250	C	DB	0	L17
114.750	301.500	C	EB	0	L18
273.750	-160.500	C	FB	0	L19
250.500	-28.500	C	GB	0	L20
234.750	240.750	C	HB	0	L21
 82.500	-120.000	C	IB	0	L22
 39.000	-138.000	C	JB	0	L23
  8.250	 22.500	C	KB	0	L24
195.000	306.750	C	LB	0	L25
109.500	230.250	C	MB	0	L27
-87.000	-15.750	C	NB	0	L28
-16.500	-63.000	C	OB	0	L29
167.250	265.500	C	PB	0	L30
290.250	-41.250	C	QA	1	G
264.750	-41.250	C	QA	10	A
-11.250	-60.000	C	QA	100	U
262.500	237.750	C	QA	1000	A
265.500	237.750	C	QA	1001	A
268.500	237.750	C	QA	1002	G
271.500	237.750	C	QA	1003	G
274.500	237.750	C	QA	1004	U
294.000	229.500	C	QA	1005	C
291.000	229.500	C	QA	1006	C
288.000	229.500	C	QA	1007	C
285.000	229.500	C	QA	1008	A
279.750	229.500	C	QA	1009	A
-15.000	-60.000	C	QA	101	A
277.500	229.500	C	QA	1010	A
277.500	237.750	C	QA	1011	G
279.000	234.750	C	QA	1012	U
280.500	237.750	C	QA	1013	C
283.500	237.750	C	QA	1014	A
286.500	237.750	C	QA	1015	U
289.500	237.750	C	QA	1016	G
292.500	237.750	C	QA	1017	G
295.500	237.750	C	QA	1018	U
298.500	237.750	C	QA	1019	U
-18.000	-60.000	C	QA	102	U
301.500	237.750	C	QA	1020	A
305.250	231.750	C	QA	1021	A
309.750	229.500	C	QA	1022	G
305.250	229.500	C	QA	1023	U
305.250	226.500	C	QA	1024	G
305.250	223.500	C	QA	1025	G
309.000	221.250	C	QA	1026	G
312.750	221.250	C	QA	1027	A
316.500	222.000	C	QA	1028	A
316.500	225.000	C	QA	1029	A
-21.000	-60.000	C	QA	103	A
316.500	228.000	C	QA	1030	C
316.500	231.000	C	QA	1031	G
316.500	234.000	C	QA	1032	A
312.750	235.500	C	QA	1033	U
316.500	237.000	C	QA	1034	G
316.500	240.000	C	QA	1035	U
316.500	243.000	C	QA	1036	G
316.500	246.000	C	QA	1037	G
316.500	249.000	C	QA	1038	G
316.500	252.000	C	QA	1039	A
-24.000	-60.000	C	QA	104	A
316.500	255.000	C	QA	1040	A
316.500	258.000	C	QA	1041	G
316.500	261.000	C	QA	1042	G
316.500	264.000	C	QA	1043	C
316.500	267.000	C	QA	1044	C
332.250	271.500	C	QA	1045	C
336.000	271.500	C	QA	1046	A
338.250	267.750	C	QA	1047	G
338.250	264.000	C	QA	1048	A
338.250	261.000	C	QA	1049	C
-27.000	-60.000	C	QA	105	C
338.250	258.000	C	QA	1050	A
338.250	255.000	C	QA	1051	G
338.250	252.000	C	QA	1052	C
338.250	249.000	C	QA	1053	C
338.250	246.000	C	QA	1054	A
338.250	243.000	C	QA	1055	G
338.250	240.000	C	QA	1056	G
351.750	246.000	C	QA	1057	A
351.750	243.000	C	QA	1058	U
351.750	240.000	C	QA	1059	G
-30.000	-60.000	C	QA	106	C
351.750	237.000	C	QA	1060	U
351.750	234.000	C	QA	1061	U
351.750	231.000	C	QA	1062	G
351.750	228.000	C	QA	1063	G
351.750	225.000	C	QA	1064	C
351.750	222.000	C	QA	1065	U
350.250	218.250	C	QA	1066	U
351.750	215.250	C	QA	1067	A
354.000	213.750	C	QA	1068	G
356.250	215.250	C	QA	1069	A
-33.000	-60.000	C	QA	107	G
357.750	218.250	C	QA	1070	A
361.500	219.750	C	QA	1071	G
361.500	222.000	C	QA	1072	C
357.750	222.000	C	QA	1073	A
357.750	225.000	C	QA	1074	G
357.750	228.000	C	QA	1075	C
357.750	231.000	C	QA	1076	C
357.750	234.000	C	QA	1077	A
357.750	237.000	C	QA	1078	U
357.750	240.000	C	QA	1079	C
-36.000	-60.000	C	QA	108	G
357.750	243.000	C	QA	1080	A
357.750	246.000	C	QA	1081	U
357.750	249.000	C	QA	1082	U
357.750	252.000	C	QA	1083	U
354.000	254.250	C	QA	1084	A
351.000	252.000	C	QA	1085	A
349.500	249.000	C	QA	1086	A
338.250	237.000	C	QA	1087	G
342.000	235.500	C	QA	1088	A
343.500	233.250	C	QA	1089	A
-39.000	-60.000	C	QA	109	C
338.250	233.250	C	QA	1090	A
338.250	230.250	C	QA	1091	G
338.250	227.250	C	QA	1092	C
338.250	224.250	C	QA	1093	G
338.250	221.250	C	QA	1094	U
338.250	218.250	C	QA	1095	A
334.500	217.500	C	QA	1096	A
332.250	221.250	C	QA	1097	U
332.250	224.250	C	QA	1098	A
332.250	227.250	C	QA	1099	G
261.750	-41.250	C	QA	11	C
-42.000	-60.000	C	QA	110	G
332.250	230.250	C	QA	1100	C
332.250	233.250	C	QA	1101	U
332.250	237.000	C	QA	1102	C
332.250	240.000	C	QA	1103	A
332.250	243.000	C	QA	1104	C
332.250	246.000	C	QA	1105	U
332.250	249.000	C	QA	1106	G
332.250	252.000	C	QA	1107	G
332.250	255.000	C	QA	1108	U
332.250	258.000	C	QA	1109	C
-45.750	-60.000	C	QA	111	A
332.250	264.000	C	QA	1110	G
332.250	267.750	C	QA	1111	A
322.500	264.000	C	QA	1112	G
322.500	261.000	C	QA	1113	U
322.500	258.000	C	QA	1114	C
322.500	255.000	C	QA	1115	G
322.500	252.000	C	QA	1116	G
322.500	249.000	C	QA	1117	C
322.500	246.000	C	QA	1118	C
322.500	243.000	C	QA	1119	U
-49.500	-60.000	C	QA	112	U
322.500	240.000	C	QA	1120	G
322.500	237.000	C	QA	1121	C
322.500	234.000	C	QA	1122	G
322.500	231.000	C	QA	1123	C
322.500	228.000	C	QA	1124	G
322.500	225.000	C	QA	1125	G
322.500	222.000	C	QA	1126	A
313.500	215.250	C	QA	1127	A
309.750	214.500	C	QA	1128	G
306.000	214.500	C	QA	1129	A
-53.250	-60.000	C	QA	113	U
302.250	214.500	C	QA	1130	U
298.500	214.500	C	QA	1131	G
293.250	214.500	C	QA	1132	U
290.250	216.000	C	QA	1133	A
288.000	217.500	C	QA	1134	A
285.750	220.500	C	QA	1135	C
288.000	223.500	C	QA	1136	G
291.000	223.500	C	QA	1137	G
294.000	223.500	C	QA	1138	G
300.000	223.500	C	QA	1139	G
-53.250	-78.000	C	QA	114	U
300.000	226.500	C	QA	1140	C
300.000	231.750	C	QA	1141	U
298.500	243.750	C	QA	1142	A
297.000	246.000	C	QA	1143	A
295.500	243.750	C	QA	1144	A
292.500	243.750	C	QA	1145	C
289.500	243.750	C	QA	1146	C
286.500	243.750	C	QA	1147	A
283.500	243.750	C	QA	1148	U
280.500	243.750	C	QA	1149	G
-56.250	-78.000	C	QA	115	C
277.500	243.750	C	QA	1150	C
274.500	243.750	C	QA	1151	A
271.500	243.750	C	QA	1152	C
268.500	243.750	C	QA	1153	C
265.500	243.750	C	QA	1154	G
259.500	243.750	C	QA	1155	A
258.000	246.750	C	QA	1156	A
256.500	243.750	C	QA	1157	G
253.500	243.750	C	QA	1158	C
250.500	243.750	C	QA	1159	U
-59.250	-78.000	C	QA	116	C
246.750	243.750	C	QA	1160	G
243.750	243.750	C	QA	1161	C
240.750	243.750	C	QA	1162	G
237.750	243.750	C	QA	1163	G
225.000	243.750	C	QA	1164	C
222.000	243.750	C	QA	1165	A
219.000	243.750	C	QA	1166	G
216.000	243.750	C	QA	1167	C
213.000	243.750	C	QA	1168	G
210.000	243.750	C	QA	1169	A
-62.250	-78.000	C	QA	117	G
207.000	243.750	C	QA	1170	C
203.250	243.750	C	QA	1171	G
200.250	243.750	C	QA	1172	C
197.250	243.750	C	QA	1173	U
194.500	243.000	C	QA	1174	U
194.500	239.250	C	QA	1175	A
197.250	237.750	C	QA	1176	U
200.250	237.750	C	QA	1177	G
203.250	237.750	C	QA	1178	C
207.000	237.750	C	QA	1179	G
-69.000	-84.000	C	QA	118	A
210.000	237.750	C	QA	1180	U
213.000	237.750	C	QA	1181	U
216.000	237.750	C	QA	1182	G
219.000	237.750	C	QA	1183	U
222.000	237.750	C	QA	1184	U
225.000	237.750	C	QA	1185	G
228.000	237.750	C	QA	1186	G
231.750	237.750	C	QA	1187	G
231.750	229.500	C	QA	1188	U
228.750	229.500	C	QA	1189	A
-66.000	-84.000	C	QA	119	A
225.750	229.500	C	QA	1190	G
222.750	229.500	C	QA	1191	G
219.750	229.500	C	QA	1192	G
216.750	229.500	C	QA	1193	G
213.750	229.500	C	QA	1194	A
210.750	229.500	C	QA	1195	G
207.000	229.500	C	QA	1196	C
204.000	229.500	C	QA	1197	G
200.250	229.500	C	QA	1198	U
197.250	229.500	C	QA	1199	U
 87.750	-42.000	C	QA	12	U
-72.750	-84.000	C	QA	120	U
194.250	229.500	C	QA	1200	C
191.250	229.500	C	QA	1201	U
188.250	229.500	C	QA	1202	G
185.250	229.500	C	QA	1203	U
182.250	229.500	C	QA	1204	A
176.250	222.750	C	QA	1205	A
176.250	219.750	C	QA	1206	G
176.250	216.750	C	QA	1207	C
176.250	213.750	C	QA	1208	C
176.250	210.750	C	QA	1209	U
-66.750	-104.250	C	QA	121	G
177.000	207.000	C	QA	1210	G
180.000	204.750	C	QA	1211	C
183.750	204.750	C	QA	1212	G
186.750	204.750	C	QA	1213	A
189.750	204.750	C	QA	1214	A
192.750	204.750	C	QA	1215	G
195.750	204.750	C	QA	1216	G
198.750	204.750	C	QA	1217	U
201.750	204.750	C	QA	1218	G
204.750	204.750	C	QA	1219	U
-66.750	-101.250	C	QA	122	G
207.750	204.750	C	QA	1220	G
210.750	204.750	C	QA	1221	C
213.750	204.750	C	QA	1222	U
216.750	204.750	C	QA	1223	G
219.750	206.250	C	QA	1224	U
219.750	209.250	C	QA	1225	G
216.750	210.750	C	QA	1226	A
213.750	210.750	C	QA	1227	G
210.750	210.750	C	QA	1228	G
207.750	210.750	C	QA	1229	C
-66.750	-98.250	C	QA	123	G
204.750	210.750	C	QA	1230	A
201.750	210.750	C	QA	1231	U
198.750	210.750	C	QA	1232	G
195.750	210.750	C	QA	1233	C
192.750	210.750	C	QA	1234	U
189.750	210.750	C	QA	1235	G
186.750	210.750	C	QA	1236	G
183.750	210.750	C	QA	1237	A
182.250	213.750	C	QA	1238	G
182.250	216.750	C	QA	1239	G
-66.750	-95.250	C	QA	124	G
182.250	219.750	C	QA	1240	U
182.250	223.500	C	QA	1241	A
185.250	223.500	C	QA	1242	U
188.250	223.500	C	QA	1243	C
191.250	223.500	C	QA	1244	A
194.250	223.500	C	QA	1245	G
197.250	223.500	C	QA	1246	A
200.250	223.500	C	QA	1247	A
201.750	221.250	C	QA	1248	G
204.000	223.500	C	QA	1249	U
-65.250	-93.000	C	QA	125	A
207.000	223.500	C	QA	1250	G
218.250	214.500	C	QA	1251	C
220.500	214.500	C	QA	1252	G
222.750	214.500	C	QA	1253	A
225.750	214.500	C	QA	1254	A
193.500	-54.000	C	QA	1255	U
193.500	-57.000	C	QA	1256	G
193.500	-60.000	C	QA	1257	C
193.500	-63.000	C	QA	1258	U
193.500	-66.000	C	QA	1259	G
-62.250	-93.000	C	QA	126	A
193.500	-69.000	C	QA	1260	A
193.500	-72.000	C	QA	1261	C
193.500	-75.000	C	QA	1262	A
193.500	-78.000	C	QA	1263	U
193.500	-81.000	C	QA	1264	A
193.500	-84.000	C	QA	1265	A
188.250	-87.000	C	QA	1266	G
193.500	-87.000	C	QA	1267	U
193.500	-90.000	C	QA	1268	A
193.500	-93.000	C	QA	1269	A
-60.750	-95.250	C	QA	127	A
193.500	-96.000	C	QA	1270	C
113.250	-147.750	C	QA	1271	G
113.250	-150.750	C	QA	1272	A
113.250	-153.000	C	QA	1273	U
111.129	-153.431	C	QA	1274	A
108.879	-151.931	C	QA	1275	A
106.629	-151.181	C	QA	1276	A
106.629	-148.181	C	QA	1277	G
106.629	-145.181	C	QA	1278	C
106.629	-142.181	C	QA	1279	G
-60.750	-98.250	C	QA	128	C
106.629	-139.181	C	QA	1280	G
106.629	-136.181	C	QA	1281	G
107.379	-133.459	C	QA	1282	U
107.250	-130.500	C	QA	1283	G
103.629	-127.931	C	QA	1284	A
100.500	-130.500	C	QA	1285	A
100.500	-133.500	C	QA	1286	A
 96.879	-133.181	C	QA	1287	A
 96.879	-135.431	C	QA	1288	G
100.629	-136.181	C	QA	1289	C
-60.750	-101.250	C	QA	129	C
100.629	-139.181	C	QA	1290	C
100.629	-142.181	C	QA	1291	C
100.629	-145.181	C	QA	1292	G
100.629	-148.181	C	QA	1293	C
100.629	-151.181	C	QA	1294	U
100.629	-157.181	C	QA	1295	C
100.629	-160.181	C	QA	1296	G
100.629	-163.181	C	QA	1297	C
100.629	-166.181	C	QA	1298	C
100.629	-169.181	C	QA	1299	G
 83.250	-48.000	C	QA	13	A
-60.750	-104.250	C	QA	130	C
 64.629	-165.431	C	QA	1300	G
 64.629	-163.181	C	QA	1301	A
 61.629	-161.681	C	QA	1302	A
 64.629	-160.181	C	QA	1303	G
 64.629	-157.181	C	QA	1304	A
 64.629	-154.181	C	QA	1305	C
 64.629	-151.181	C	QA	1306	C
 64.629	-148.931	C	QA	1307	A
 64.629	-145.931	C	QA	1308	A
 64.629	-142.931	C	QA	1309	G
-60.750	-106.500	C	QA	131	A
 64.629	-139.931	C	QA	1310	G
 64.629	-136.931	C	QA	1311	G
 63.129	-133.931	C	QA	1312	U
 61.629	-130.931	C	QA	1313	U
 60.129	-121.181	C	QA	1314	C
 63.129	-121.181	C	QA	1315	C
 66.129	-121.181	C	QA	1316	U
 69.129	-121.181	C	QA	1317	G
 72.129	-121.181	C	QA	1318	U
 75.129	-121.181	C	QA	1319	C
-60.750	-109.500	C	QA	132	G
 78.129	-120.431	C	QA	1320	C
 87.879	-116.681	C	QA	1321	A
 87.879	-120.431	C	QA	1322	A
 87.879	-122.681	C	QA	1323	C
 87.879	-125.681	C	QA	1324	G
 87.129	-128.681	C	QA	1325	U
 88.629	-130.931	C	QA	1326	U
 91.629	-131.681	C	QA	1327	A
 93.879	-129.431	C	QA	1328	A
 97.629	-127.931	C	QA	1329	U
-60.750	-112.500	C	QA	133	U
 93.879	-125.681	C	QA	1330	C
 93.879	-122.681	C	QA	1331	G
 95.379	-112.931	C	QA	1332	G
 75.129	-115.181	C	QA	1333	G
 72.129	-115.181	C	QA	1334	G
 69.129	-115.181	C	QA	1335	C
 66.129	-115.181	C	QA	1336	A
 63.129	-115.181	C	QA	1337	G
 60.129	-115.181	C	QA	1338	G
 57.129	-115.181	C	QA	1339	G
-60.750	-115.500	C	QA	134	G
 54.129	-115.181	C	QA	1340	U
 51.129	-115.181	C	QA	1341	G
 25.629	-118.931	C	QA	1342	A
 22.629	-133.931	C	QA	1343	G
 25.629	-133.931	C	QA	1344	U
 22.629	-118.931	C	QA	1345	C
 19.629	-118.931	C	QA	1346	G
 16.629	-118.931	C	QA	1347	A
 13.629	-118.931	C	QA	1348	C
  6.129	-117.431	C	QA	1349	C
-60.750	-118.500	C	QA	135	U
  6.129	-114.431	C	QA	1350	C
  6.129	-111.431	C	QA	1351	C
  6.129	-108.431	C	QA	1352	U
  9.129	-106.931	C	QA	1353	A
  6.129	-105.431	C	QA	1354	A
  6.129	-102.431	C	QA	1355	G
  6.129	-99.431	C	QA	1356	G
  6.129	-96.431	C	QA	1357	C
  6.129	-93.431	C	QA	1358	G
  6.129	-90.431	C	QA	1359	A
-60.750	-121.500	C	QA	136	G
  6.129	-87.431	C	QA	1360	G
  6.129	-84.431	C	QA	1361	G
  6.129	-81.431	C	QA	1362	C
  6.129	-78.431	C	QA	1363	C
  6.584	-75.390	C	QA	1364	G
  4.629	-72.431	C	QA	1365	A
  1.629	-72.431	C	QA	1366	A
 -0.621	-75.431	C	QA	1367	A
  0.129	-78.431	C	QA	1368	G
  0.129	-81.431	C	QA	1369	G
-60.750	-124.500	C	QA	137	U
  0.129	-84.431	C	QA	1370	C
  0.129	-87.431	C	QA	1371	G
  0.129	-90.431	C	QA	1372	U
  0.129	-93.431	C	QA	1373	A
  0.129	-96.431	C	QA	1374	G
  0.129	-99.431	C	QA	1375	U
  0.129	-102.431	C	QA	1376	C
  0.129	-105.431	C	QA	1377	G
  0.129	-108.431	C	QA	1378	A
 -3.621	-110.681	C	QA	1379	U
-60.750	-127.500	C	QA	138	U
  0.129	-111.431	C	QA	1380	G
  0.129	-114.431	C	QA	1381	G
  0.129	-117.431	C	QA	1382	G
 16.629	-124.181	C	QA	1383	A
 19.629	-124.181	C	QA	1384	A
 30.879	-133.931	C	QA	1385	A
 33.879	-133.931	C	QA	1386	C
 36.879	-133.931	C	QA	1387	A
 39.879	-133.931	C	QA	1388	G
 42.879	-133.931	C	QA	1389	G
-61.500	-130.500	C	QA	139	U
 45.879	-133.181	C	QA	1390	U
 49.629	-133.181	C	QA	1391	U
 51.879	-136.931	C	QA	1392	A
 49.629	-139.181	C	QA	1393	A
 48.129	-140.681	C	QA	1394	U
 45.879	-139.931	C	QA	1395	A
 45.879	-143.681	C	QA	1396	U
 43.629	-143.681	C	QA	1397	U
 42.879	-139.931	C	QA	1398	C
 39.879	-139.931	C	QA	1399	C
 83.250	-42.000	C	QA	14	A
-65.250	-130.500	C	QA	140	C
 36.879	-139.931	C	QA	1400	U
 33.879	-139.931	C	QA	1401	G
 30.879	-139.931	C	QA	1402	U
 25.629	-139.931	C	QA	1403	A
 22.629	-139.931	C	QA	1404	C
 17.379	-139.931	C	QA	1405	U
 14.379	-139.931	C	QA	1406	U
 11.379	-139.931	C	QA	1407	G
  8.379	-139.931	C	QA	1408	G
  5.379	-139.931	C	QA	1409	U
-66.750	-127.500	C	QA	141	G
  2.379	-139.931	C	QA	1410	G
 -0.621	-139.931	C	QA	1411	U
 -3.621	-139.931	C	QA	1412	U
 -6.621	-139.931	C	QA	1413	A
 -9.621	-139.931	C	QA	1414	C
-12.621	-139.931	C	QA	1415	U
-24.621	-137.681	C	QA	1416	G
-24.621	-140.681	C	QA	1417	C
-24.621	-143.681	C	QA	1418	G
-24.621	-146.681	C	QA	1419	A
-66.750	-124.500	C	QA	142	A
-30.621	-150.431	C	QA	1420	A
-30.621	-152.681	C	QA	1421	G
-30.621	-155.681	C	QA	1422	G
-30.621	-158.681	C	QA	1423	G
-30.621	-161.681	C	QA	1424	G
-30.621	-164.681	C	QA	1425	G
-30.621	-167.681	C	QA	1426	G
-30.621	-170.681	C	QA	1427	A
-30.621	-173.681	C	QA	1428	C
-12.621	-175.931	C	QA	1429	G
-66.750	-121.500	C	QA	143	C
 -9.621	-175.931	C	QA	1430	G
 -6.621	-175.931	C	QA	1431	A
 -3.621	-175.931	C	QA	1432	G
 -0.621	-175.931	C	QA	1433	A
  2.379	-175.931	C	QA	1434	A
  5.379	-175.931	C	QA	1435	G
  8.379	-175.931	C	QA	1436	G
 11.379	-175.931	C	QA	1437	C
 15.129	-175.931	C	QA	1438	U
 18.879	-175.931	C	QA	1439	A
-66.750	-118.500	C	QA	144	A
 21.879	-175.931	C	QA	1440	U
 24.879	-175.931	C	QA	1441	G
 27.879	-175.931	C	QA	1442	U
 30.879	-175.931	C	QA	1443	U
 33.879	-175.931	C	QA	1444	G
 36.879	-175.931	C	QA	1445	G
 39.879	-175.931	C	QA	1446	C
 42.879	-175.931	C	QA	1447	C
 45.879	-175.931	C	QA	1448	G
 48.879	-175.931	C	QA	1449	G
-66.750	-115.500	C	QA	145	C
 51.879	-175.931	C	QA	1450	G
 54.879	-175.931	C	QA	1451	C
 57.129	-172.931	C	QA	1452	G
 60.129	-172.931	C	QA	1453	A
 63.054	-175.229	C	QA	1454	C
 63.750	-177.750	C	QA	1455	G
 63.000	-181.500	C	QA	1456	G
 60.000	-183.750	C	QA	1457	U
 56.379	-183.431	C	QA	1458	U
 54.879	-181.931	C	QA	1459	G
-66.750	-112.500	C	QA	146	A
 53.256	-185.428	C	QA	1460	U
 51.879	-181.931	C	QA	1461	C
 48.879	-181.931	C	QA	1462	C
 45.879	-181.931	C	QA	1463	C
 42.879	-181.931	C	QA	1464	G
 39.879	-181.931	C	QA	1465	G
 36.879	-181.931	C	QA	1466	U
  7.629	-204.431	C	QA	1467	U
  4.629	-204.431	C	QA	1468	U
  0.879	-204.431	C	QA	1469	A
-66.750	-109.500	C	QA	147	C
 -2.121	-204.431	C	QA	1470	A
 -5.121	-204.431	C	QA	1471	G
 -8.121	-204.431	C	QA	1472	C
-11.121	-204.431	C	QA	1473	G
-14.121	-204.431	C	QA	1474	U
-20.121	-199.181	C	QA	1475	G
-20.121	-204.431	C	QA	1476	U
-23.121	-204.431	C	QA	1477	A
-26.121	-204.431	C	QA	1478	G
-29.121	-204.431	C	QA	1479	G
-66.750	-106.500	C	QA	148	U
-32.121	-204.431	C	QA	1480	C
-35.121	-204.431	C	QA	1481	U
-38.121	-202.181	C	QA	1482	G
-38.121	-199.181	C	QA	1483	G
-38.121	-196.181	C	QA	1484	U
-38.121	-193.181	C	QA	1485	U
-38.121	-190.181	C	QA	1486	U
-38.121	-187.181	C	QA	1487	U
-38.121	-184.181	C	QA	1488	C
-38.121	-181.181	C	QA	1489	C
-75.750	-84.000	C	QA	149	A
-35.665	-178.865	C	QA	1490	A
-38.121	-177.431	C	QA	1491	G
-38.121	-174.431	C	QA	1492	G
-37.371	-171.431	C	QA	1493	C
-38.871	-168.431	C	QA	1494	A
-41.871	-167.681	C	QA	1495	A
-44.121	-169.931	C	QA	1496	A
-46.371	-172.181	C	QA	1497	U
-44.121	-174.431	C	QA	1498	C
-44.121	-177.431	C	QA	1499	C
 80.250	-42.000	C	QA	15	G
-78.750	-84.000	C	QA	150	U
-44.121	-181.181	C	QA	1500	G
-44.121	-184.181	C	QA	1501	G
-44.121	-187.181	C	QA	1502	A
-44.121	-190.181	C	QA	1503	A
-44.121	-193.181	C	QA	1504	A
-44.121	-196.181	C	QA	1505	A
-44.121	-199.181	C	QA	1506	U
-44.121	-202.181	C	QA	1507	C
-44.871	-205.181	C	QA	1508	A
-38.871	-210.431	C	QA	1509	A
-81.750	-84.000	C	QA	151	C
-35.121	-210.431	C	QA	1510	G
-32.121	-210.431	C	QA	1511	G
-29.121	-210.431	C	QA	1512	C
-26.121	-210.431	C	QA	1513	U
-23.121	-210.431	C	QA	1514	G
-20.121	-210.431	C	QA	1515	A
-17.121	-210.431	C	QA	1516	G
-14.121	-210.431	C	QA	1517	G
-11.121	-210.431	C	QA	1518	C
 -8.121	-210.431	C	QA	1519	G
-84.750	-84.000	C	QA	152	A
 -5.121	-210.431	C	QA	1520	U
 -2.121	-210.431	C	QA	1521	G
  0.879	-210.431	C	QA	1522	A
  2.379	-213.431	C	QA	1523	U
  4.629	-210.431	C	QA	1524	G
  7.629	-210.431	C	QA	1525	A
 10.629	-210.431	C	QA	1526	C
 12.879	-210.431	C	QA	1527	G
 16.629	-210.431	C	QA	1528	A
 20.379	-210.431	C	QA	1529	G
-87.750	-84.000	C	QA	153	U
 23.379	-210.431	C	QA	1530	G
 26.379	-210.431	C	QA	1531	C
 29.379	-210.431	C	QA	1532	A
 32.379	-210.431	C	QA	1533	C
 35.379	-211.181	C	QA	1534	U
 38.934	-209.240	C	QA	1535	A
 38.934	-205.346	C	QA	1536	C
 35.379	-203.681	C	QA	1537	G
 32.379	-204.431	C	QA	1538	G
 29.379	-204.431	C	QA	1539	U
-90.750	-84.000	C	QA	154	U
 26.379	-204.431	C	QA	1540	G
 23.379	-204.431	C	QA	1541	C
 20.379	-204.431	C	QA	1542	U
 16.629	-204.431	C	QA	1543	G
 15.129	-202.931	C	QA	1544	A
 12.879	-204.431	C	QA	1545	A
 10.629	-204.431	C	QA	1546	G
 33.879	-181.931	C	QA	1547	C
 30.879	-181.931	C	QA	1548	A
 27.879	-181.931	C	QA	1549	A
-93.750	-84.000	C	QA	155	A
 24.879	-181.931	C	QA	1550	C
 21.879	-181.931	C	QA	1551	A
 18.879	-181.931	C	QA	1552	A
 15.129	-181.931	C	QA	1553	A
 12.879	-185.681	C	QA	1554	U
 11.379	-181.931	C	QA	1555	G
  8.379	-181.931	C	QA	1556	C
  5.379	-181.931	C	QA	1557	C
  2.379	-181.931	C	QA	1558	C
  0.879	-185.681	C	QA	1559	U
-96.750	-84.000	C	QA	156	A
 -0.621	-181.931	C	QA	1560	G
 -3.621	-181.931	C	QA	1561	C
 -6.621	-181.931	C	QA	1562	U
 -9.621	-181.931	C	QA	1563	U
-12.621	-181.931	C	QA	1564	C
-16.371	-181.931	C	QA	1565	C
-19.371	-181.181	C	QA	1566	A
-19.371	-178.181	C	QA	1567	G
-16.371	-176.681	C	QA	1568	G
-24.621	-176.681	C	QA	1569	A
-99.750	-84.000	C	QA	157	C
-24.621	-173.681	C	QA	1570	A
-24.621	-170.681	C	QA	1571	A
-24.621	-167.681	C	QA	1572	A
-24.621	-164.681	C	QA	1573	G
-24.621	-161.681	C	QA	1574	C
-24.621	-158.681	C	QA	1575	C
-24.621	-155.681	C	QA	1576	U
-24.621	-152.681	C	QA	1577	C
-30.621	-146.681	C	QA	1578	U
-32.871	-145.181	C	QA	1579	A
-102.750	-84.000	C	QA	158	U
-30.621	-143.681	C	QA	1580	A
-30.621	-140.681	C	QA	1581	G
-30.621	-137.681	C	QA	1582	C
-32.121	-135.431	C	QA	1583	A
-30.621	-133.931	C	QA	1584	U
-20.121	-133.931	C	QA	1585	C
-16.371	-133.931	C	QA	1586	A
-12.621	-133.931	C	QA	1587	G
 -9.621	-133.931	C	QA	1588	G
 -6.621	-133.931	C	QA	1589	U
-105.750	-84.000	C	QA	159	G
 -3.621	-133.931	C	QA	1590	A
 -0.621	-133.931	C	QA	1591	A
  2.379	-133.931	C	QA	1592	C
  5.379	-133.931	C	QA	1593	A
  8.379	-133.931	C	QA	1594	U
 11.379	-133.931	C	QA	1595	C
 14.379	-133.931	C	QA	1596	A
 17.379	-133.931	C	QA	1597	A
 13.629	-112.931	C	QA	1598	A
 16.629	-112.931	C	QA	1599	U
 77.250	-42.000	C	QA	16	C
-108.750	-84.000	C	QA	160	A
 19.629	-112.931	C	QA	1600	C
 22.629	-112.931	C	QA	1601	G
 25.629	-112.931	C	QA	1602	U
 70.629	-136.931	C	QA	1603	A
 70.629	-139.931	C	QA	1604	C
 70.629	-142.931	C	QA	1605	C
 70.629	-145.931	C	QA	1606	C
 81.879	-148.181	C	QA	1607	C
 81.879	-145.931	C	QA	1608	A
 84.129	-145.181	C	QA	1609	A
-111.750	-84.000	C	QA	161	A
 84.129	-142.931	C	QA	1610	A
 81.879	-142.931	C	QA	1611	C
 81.879	-139.931	C	QA	1612	C
 81.879	-136.931	C	QA	1613	G
 82.629	-134.681	C	QA	1614	A
 80.379	-132.431	C	QA	1615	C
 78.129	-131.681	C	QA	1616	A
 75.129	-133.181	C	QA	1617	C
 74.379	-136.931	C	QA	1618	m^2A
 75.879	-139.931	C	QA	1619	G
-114.750	-84.000	C	QA	162	U
 75.879	-142.931	C	QA	1620	G
 75.879	-145.931	C	QA	1621	U
 70.629	-151.181	C	QA	1622	G
 70.629	-154.181	C	QA	1623	G
 70.629	-157.181	C	QA	1624	U
 70.629	-160.181	C	QA	1625	C
 70.629	-163.181	C	QA	1626	A
100.629	-173.681	C	QA	1627	G
100.629	-176.681	C	QA	1628	G
100.629	-179.681	C	QA	1629	U
-117.750	-81.000	C	QA	163	C
100.629	-182.681	C	QA	1630	A
 99.879	-185.681	C	QA	1631	G
102.129	-189.431	C	QA	1632	A
105.879	-189.431	C	QA	1633	G
109.629	-187.931	C	QA	1634	A
107.379	-185.681	C	QA	1635	A
106.629	-182.681	C	QA	1636	U
106.629	-179.681	C	QA	1637	A
106.629	-176.681	C	QA	1638	C
106.629	-173.681	C	QA	1639	C
-114.750	-78.000	C	QA	164	C
108.129	-171.431	C	QA	1640	A
106.629	-169.181	C	QA	1641	A
106.629	-166.181	C	QA	1642	G
106.629	-163.181	C	QA	1643	G
106.629	-160.181	C	QA	1644	C
106.629	-157.181	C	QA	1645	G
118.629	-157.181	C	QA	1646	C
118.500	-154.500	C	QA	1647	U
193.500	-99.000	C	QA	1648	U
193.500	-102.000	C	QA	1649	G
-111.750	-78.000	C	QA	165	A
193.500	-105.000	C	QA	1650	A
193.500	-108.000	C	QA	1651	G
190.500	-108.750	C	QA	1652	A
189.000	-111.000	C	QA	1653	G
190.500	-113.250	C	QA	1654	A
193.500	-111.750	C	QA	1655	A
193.500	-115.500	C	QA	1656	C
193.500	-118.500	C	QA	1657	U
193.500	-121.500	C	QA	1658	C
193.500	-124.500	C	QA	1659	G
-108.750	-78.000	C	QA	166	U
193.500	-127.500	C	QA	1660	G
193.500	-130.500	C	QA	1661	G
193.500	-133.500	C	QA	1662	U
193.500	-136.500	C	QA	1663	G
193.500	-139.500	C	QA	1664	A
193.500	-142.500	C	QA	1665	A
193.500	-145.500	C	QA	1666	G
193.500	-148.500	C	QA	1667	G
193.500	-151.500	C	QA	1668	A
190.500	-151.500	C	QA	1669	A
-105.750	-78.000	C	QA	167	A
187.500	-150.750	C	QA	1670	C
186.000	-153.750	C	QA	1671	U
186.750	-157.500	C	QA	1672	A
190.500	-156.750	C	QA	1673	G
193.500	-154.500	C	QA	1674	G
193.500	-157.500	C	QA	1675	C
193.500	-160.500	C	QA	1676	A
193.500	-164.250	C	QA	1677	A
193.500	-167.250	C	QA	1678	A
193.500	-171.000	C	QA	1679	A
-102.750	-78.000	C	QA	168	G
195.750	-171.750	C	QA	1680	U
198.000	-171.750	C	QA	1681	G
252.000	-186.750	C	QA	1682	G
249.000	-186.750	C	QA	1683	U
246.000	-186.750	C	QA	1684	G
243.000	-186.750	C	QA	1685	C
240.000	-186.750	C	QA	1686	C
237.000	-186.750	C	QA	1687	G
234.000	-186.750	C	QA	1688	U
231.000	-186.750	C	QA	1689	A
-99.750	-78.000	C	QA	169	G
228.000	-186.750	C	QA	1690	A
225.000	-186.750	C	QA	1691	C
222.000	-186.750	C	QA	1692	U
219.000	-187.500	C	QA	1693	U
219.000	-191.250	C	QA	1694	C
222.000	-192.750	C	QA	1695	G
225.000	-192.750	C	QA	1696	G
228.000	-192.750	C	QA	1697	G
231.000	-192.750	C	QA	1698	A
232.500	-195.750	C	QA	1699	G
 74.250	-42.000	C	QA	17	G
-96.750	-78.000	C	QA	170	U
234.000	-192.750	C	QA	1700	A
237.000	-192.750	C	QA	1701	A
240.000	-192.750	C	QA	1702	G
243.000	-192.750	C	QA	1703	G
246.000	-192.750	C	QA	1704	C
249.000	-192.750	C	QA	1705	A
252.000	-192.750	C	QA	1706	C
252.000	-206.250	C	QA	1707	G
249.000	-206.250	C	QA	1708	C
246.000	-206.250	C	QA	1709	U
-93.750	-78.000	C	QA	171	U
243.000	-206.250	C	QA	1710	G
240.000	-206.250	C	QA	1711	A
237.000	-206.250	C	QA	1712	U
234.000	-206.250	C	QA	1713	A
234.000	-201.750	C	QA	1714	U
231.000	-201.750	C	QA	1715	G
231.000	-206.250	C	QA	1716	U
228.000	-206.250	C	QA	1717	A
225.000	-206.250	C	QA	1718	G
222.000	-206.250	C	QA	1719	G
-90.750	-78.000	C	QA	172	A
219.000	-206.250	C	QA	1720	U
216.000	-206.250	C	QA	1721	G
213.000	-206.250	C	QA	1722	A
210.000	-206.250	C	QA	1723	G
207.000	-206.250	C	QA	1724	G
204.000	-206.250	C	QA	1725	U
201.000	-206.250	C	QA	1726	C
198.000	-206.250	C	QA	1727	C
195.000	-206.250	C	QA	1728	C
192.000	-207.000	C	QA	1729	U
-87.750	-78.000	C	QA	173	A
192.000	-210.750	C	QA	1730	C
195.000	-212.250	C	QA	1731	G
195.750	-215.250	C	QA	1732	C
198.000	-212.250	C	QA	1733	G
201.000	-212.250	C	QA	1734	G
204.000	-212.250	C	QA	1735	A
207.000	-212.250	C	QA	1736	U
210.000	-212.250	C	QA	1737	G
213.000	-212.250	C	QA	1738	G
216.000	-212.250	C	QA	1739	A
-84.750	-78.000	C	QA	174	U
219.000	-212.250	C	QA	1740	G
222.000	-212.250	C	QA	1741	C
225.000	-212.250	C	QA	1742	U
228.000	-212.250	C	QA	1743	G
231.000	-212.250	C	QA	1744	A
234.000	-212.250	C	QA	1745	A
237.000	-212.250	C	QA	1746	A
240.000	-212.250	C	QA	1747	U
243.000	-212.250	C	QA	1748	C
246.000	-212.250	C	QA	1749	A
-81.750	-78.000	C	QA	175	G
249.000	-212.250	C	QA	1750	G
252.000	-212.250	C	QA	1751	U
255.000	-212.250	C	QA	1752	C
258.000	-213.000	C	QA	1753	G
260.250	-209.250	C	QA	1754	A
258.000	-205.500	C	QA	1755	A
255.000	-206.250	C	QA	1756	G
255.000	-192.750	C	QA	1757	A
258.750	-193.500	C	QA	1758	U
261.750	-191.250	C	QA	1759	A
-78.750	-78.000	C	QA	176	A
261.750	-188.250	C	QA	1760	C
260.250	-184.500	C	QA	1761	C
257.250	-183.000	C	QA	1762	A
255.000	-186.000	C	QA	1763	G
102.000	 78.750	C	QA	1764	C
 99.000	 78.750	C	QA	1765	U
 96.000	 78.750	C	QA	1766	G
 93.000	 78.750	C	QA	1767	G
 90.000	 78.750	C	QA	1768	C
 87.000	 78.750	C	QA	1769	U
-75.750	-78.000	C	QA	177	G
 84.000	 78.750	C	QA	1770	G
 80.250	 78.750	C	QA	1771	C
 77.250	 78.750	C	QA	1772	A
 66.000	 78.750	C	QA	1773	A
 66.000	 75.750	C	QA	1774	C
 66.000	 72.750	C	QA	1775	U
 66.000	 69.750	C	QA	1776	G
 66.000	 66.750	C	QA	1777	U
 66.000	 63.750	C	QA	1778	U
 66.000	 60.750	C	QA	1779	U
-75.750	-66.750	C	QA	178	G
 67.500	 58.500	C	QA	1780	A
 66.000	 56.250	C	QA	1781	U
 62.250	 54.750	C	QA	1782	U
 60.000	 57.750	C	QA	1783	A
 60.000	 60.750	C	QA	1784	A
 60.000	 63.750	C	QA	1785	A
 60.000	 63.750	C	QA	1786	A
 60.000	 66.750	C	QA	1787	A
 60.000	 69.750	C	QA	1788	C
 60.000	 72.750	C	QA	1789	A
-75.750	-63.750	C	QA	179	C
 60.000	 75.750	C	QA	1790	C
 60.000	 78.750	C	QA	1791	A
 57.000	 78.750	C	QA	1792	G
 54.000	 78.750	C	QA	1793	C
 51.000	 78.750	C	QA	1794	A
 48.000	 78.750	C	QA	1795	C
 45.000	 78.750	C	QA	1796	U
 42.000	 78.750	C	QA	1797	G
 39.000	 78.750	C	QA	1798	U
 36.000	 78.750	C	QA	1799	G
 71.250	-42.000	C	QA	18	U
-75.750	-60.750	C	QA	180	G
 27.000	 88.500	C	QA	1800	C
 29.250	 90.000	C	QA	1801	A
 27.000	 91.500	C	QA	1802	A
 27.000	 94.500	C	QA	1803	A
 27.000	 97.500	C	QA	1804	C
 27.000	100.500	C	QA	1805	A
 27.000	103.500	C	QA	1806	C
 27.000	106.500	C	QA	1807	G
 25.500	109.500	C	QA	1808	A
 22.500	109.500	C	QA	1809	A
-12.000	-32.250	C	QA	181	A
 21.000	106.500	C	QA	1810	A
 21.000	103.500	C	QA	1811	G
 21.000	100.500	C	QA	1812	U
 21.000	 97.500	C	QA	1813	G
 21.000	 94.500	C	QA	1814	G
 21.000	 91.500	C	QA	1815	A
 19.500	 90.000	C	QA	1816	C
 21.000	 88.500	C	QA	1817	G
 30.750	 84.750	C	QA	1818	U
 33.000	 84.750	C	QA	1819	A
-12.000	-28.500	C	QA	182	A
 36.000	 84.750	C	QA	1820	U
 39.000	 84.750	C	QA	1821	A
 42.000	 84.750	C	QA	1822	C
 45.000	 84.750	C	QA	1823	G
 48.000	 84.750	C	QA	1824	G
 51.000	 84.750	C	QA	1825	U
 54.000	 84.750	C	QA	1826	G
 57.000	 84.750	C	QA	1827	U
 60.000	 84.750	C	QA	1828	G
 63.000	 87.000	C	QA	1829	A
-12.000	-25.500	C	QA	183	C
 63.000	 90.000	C	QA	1830	C
 63.000	 93.000	C	QA	1831	G
 63.000	 96.000	C	QA	1832	C
 63.000	 99.000	C	QA	1833	C
 63.000	102.000	C	QA	1834	U
 63.000	116.250	C	QA	1835	m^2G
 60.000	116.250	C	QA	1836	C
 57.000	116.250	C	QA	1837	C
 54.000	116.250	C	QA	1838	C
 51.750	116.250	C	QA	1839	G
-12.000	-21.750	C	QA	184	C
 48.750	116.250	C	QA	1840	G
 45.750	116.250	C	QA	1841	U
 39.000	116.250	C	QA	1842	G
 36.000	116.250	C	QA	1843	C
 33.000	116.250	C	QA	1844	C
 30.000	116.250	C	QA	1845	G
 27.000	116.250	C	QA	1846	G
 24.000	116.250	C	QA	1847	A
 16.500	119.250	C	QA	1848	A
 16.500	122.250	C	QA	1849	G
-12.000	-18.750	C	QA	185	G
 16.500	125.250	C	QA	1850	G
 16.500	128.250	C	QA	1851	U
 16.500	131.250	C	QA	1852	U
 16.500	134.250	C	QA	1853	A
 16.500	137.250	C	QA	1854	A
 16.500	140.250	C	QA	1855	U
 16.500	143.250	C	QA	1856	U
 16.500	146.250	C	QA	1857	G
 16.500	149.250	C	QA	1858	A
 16.500	152.250	C	QA	1859	U
-12.000	-15.750	C	QA	186	G
 16.500	155.250	C	QA	1860	G
 16.500	158.250	C	QA	1861	G
 16.500	161.250	C	QA	1862	G
 16.500	164.250	C	QA	1863	G
 16.500	167.250	C	QA	1864	U
 16.500	181.500	C	QA	1865	U
 16.500	184.500	C	QA	1866	A
 16.500	187.500	C	QA	1867	G
 16.500	190.500	C	QA	1868	C
 16.500	193.500	C	QA	1869	G
-12.000	-12.750	C	QA	187	G
 18.000	196.500	C	QA	1870	C
 21.000	196.500	C	QA	1871	A
 22.500	193.500	C	QA	1872	A
 22.500	190.500	C	QA	1873	G
 22.500	187.500	C	QA	1874	C
 22.500	184.500	C	QA	1875	G
 22.500	181.500	C	QA	1876	A
 22.500	179.250	C	QA	1877	A
 22.500	167.250	C	QA	1878	G
 22.500	164.250	C	QA	1879	C
-12.000	 -9.750	C	QA	188	G
 22.500	161.250	C	QA	1880	U
 22.500	158.250	C	QA	1881	C
 22.500	155.250	C	QA	1882	U
 22.500	152.250	C	QA	1883	U
 22.500	149.250	C	QA	1884	G
 22.500	146.250	C	QA	1885	A
 22.500	143.250	C	QA	1886	U
 22.500	140.250	C	QA	1887	C
 22.500	137.250	C	QA	1888	G
 22.500	134.250	C	QA	1889	A
-12.000	 -6.750	C	QA	189	G
 22.500	131.250	C	QA	1890	A
 22.500	128.250	C	QA	1891	G
 22.500	125.250	C	QA	1892	C
 22.500	122.250	C	QA	1893	C
 27.000	122.250	C	QA	1894	C
 30.000	122.250	C	QA	1895	C
 33.000	122.250	C	QA	1896	G
 36.000	122.250	C	QA	1897	G
 39.000	122.250	C	QA	1898	U
 41.250	122.250	C	QA	1899	A
 68.250	-42.000	C	QA	19	A
-12.000	 -3.750	C	QA	190	A
 43.500	122.250	C	QA	1900	A
 45.750	122.250	C	QA	1901	A
 48.750	122.250	C	QA	1902	C
 57.000	122.250	C	QA	1903	G
 60.000	122.250	C	QA	1904	G
 63.000	122.250	C	QA	1905	C
 66.000	136.500	C	QA	1906	G
 69.000	136.500	C	QA	1907	G
 72.000	136.500	C	QA	1908	C
 75.000	136.500	C	QA	1909	C
-12.000	 -0.750	C	QA	191	A
 78.000	136.500	C	QA	1910	G
 81.000	136.500	C	QA	1911	\psi
 84.000	136.500	C	QA	1912	A
 87.000	135.750	C	QA	1913	A
 90.000	137.250	C	QA	1914	C
 90.000	141.000	C	QA	1915	m^3\psi
 87.000	143.250	C	QA	1916	A
 84.000	142.500	C	QA	1917	\psi
 82.500	146.250	C	QA	1918	A
 81.000	142.500	C	QA	1919	A
-12.000	  2.250	C	QA	192	C
 78.000	142.500	C	QA	1920	C
 75.000	142.500	C	QA	1921	G
 72.000	142.500	C	QA	1922	G
 69.000	142.500	C	QA	1923	U
 66.000	142.500	C	QA	1924	C
 63.000	142.500	C	QA	1925	C
 60.000	142.500	C	QA	1926	U
 57.750	139.500	C	QA	1927	A
 60.000	136.500	C	QA	1928	A
 63.000	136.500	C	QA	1929	G
-12.000	  5.250	C	QA	193	U
 66.000	126.750	C	QA	1930	G
 66.000	120.750	C	QA	1931	U
 69.000	122.250	C	QA	1932	A
 72.000	122.250	C	QA	1933	G
 75.750	122.250	C	QA	1934	C
 78.000	124.500	C	QA	1935	G
 76.500	128.250	C	QA	1936	A
 78.750	131.250	C	QA	1937	A
 81.750	131.250	C	QA	1938	A
 82.500	127.500	C	QA	1939	m^5U
-12.000	  8.250	C	QA	194	G
 82.500	124.500	C	QA	1940	U
 84.750	121.500	C	QA	1941	C
 87.750	121.500	C	QA	1942	C
 90.750	122.250	C	QA	1943	U
 93.750	122.250	C	QA	1944	U
 96.000	122.250	C	QA	1945	G
 99.000	122.250	C	QA	1946	U
102.000	122.250	C	QA	1947	C
105.000	122.250	C	QA	1948	G
108.000	122.250	C	QA	1949	G
-12.000	 11.250	C	QA	195	A
111.000	122.250	C	QA	1950	G
114.000	122.250	C	QA	1951	U
117.000	122.250	C	QA	1952	A
118.500	120.000	C	QA	1953	A
117.000	116.250	C	QA	1954	G
114.000	116.250	C	QA	1955	U
111.000	116.250	C	QA	1956	U
108.000	116.250	C	QA	1957	C
105.000	116.250	C	QA	1958	C
102.000	116.250	C	QA	1959	G
-11.250	 13.500	C	QA	196	A
 99.000	116.250	C	QA	1960	A
 96.000	116.250	C	QA	1961	C
 92.250	116.250	C	QA	1962	m^5C
 89.250	116.250	C	QA	1963	U
 75.750	116.250	C	QA	1964	G
 75.000	113.250	C	QA	1965	C
 72.750	113.250	C	QA	1966	A
 72.000	116.250	C	QA	1967	C
 69.000	116.250	C	QA	1968	G
 69.000	105.750	C	QA	1969	A
-14.250	 15.750	C	QA	197	A
 69.000	102.000	C	QA	1970	A
 71.250	100.500	C	QA	1971	U
 69.000	 99.000	C	QA	1972	G
 69.000	 96.000	C	QA	1973	G
 69.000	 93.000	C	QA	1974	C
 69.000	 90.000	C	QA	1975	G
 69.000	 87.000	C	QA	1976	U
 71.250	 84.750	C	QA	1977	A
 74.250	 84.750	C	QA	1978	A
 77.250	 84.750	C	QA	1979	U
-16.500	 14.250	C	QA	198	C
 80.250	 84.750	C	QA	1980	G
 81.750	 88.500	C	QA	1981	A
 84.000	 84.750	C	QA	1982	U
 87.000	 84.750	C	QA	1983	G
 90.000	 84.750	C	QA	1984	G
 93.000	 84.750	C	QA	1985	C
 96.000	 84.750	C	QA	1986	C
 99.000	 84.750	C	QA	1987	A
102.000	 84.750	C	QA	1988	G
105.000	 84.750	C	QA	1989	G
-20.250	 13.500	C	QA	199	A
199.500	-154.500	C	QA	1990	C
199.500	-151.500	C	QA	1991	U
201.750	-150.000	C	QA	1992	G
199.500	-148.500	C	QA	1993	U
199.500	-145.500	C	QA	1994	C
199.500	-142.500	C	QA	1995	U
199.500	-139.500	C	QA	1996	C
199.500	-136.500	C	QA	1997	C
199.500	-133.500	C	QA	1998	A
199.500	-130.500	C	QA	1999	C
287.250	-41.250	C	QA	2	G
 65.250	-42.000	C	QA	20	C
-18.000	 11.250	C	QA	200	U
199.500	-127.500	C	QA	2000	C
199.500	-124.500	C	QA	2001	C
199.500	-121.500	C	QA	2002	G
199.500	-118.500	C	QA	2003	A
199.500	-115.500	C	QA	2004	G
199.500	-111.750	C	QA	2005	A
199.500	-108.000	C	QA	2006	C
199.500	-105.000	C	QA	2007	U
199.500	-102.000	C	QA	2008	C
199.500	-99.000	C	QA	2009	A
-18.000	  8.250	C	QA	201	C
199.500	-96.000	C	QA	2010	G
199.500	-93.000	C	QA	2011	U
199.500	-90.000	C	QA	2012	G
199.500	-87.000	C	QA	2013	A
199.500	-84.000	C	QA	2014	A
199.500	-81.000	C	QA	2015	A
199.500	-78.000	C	QA	2016	U
199.500	-75.000	C	QA	2017	U
235.500	-53.250	C	QA	2018	G
238.500	-53.250	C	QA	2019	A
-18.000	  5.250	C	QA	202	U
241.500	-53.250	C	QA	2020	A
259.500	-76.500	C	QA	2021	C
256.500	-76.500	C	QA	2022	U
253.500	-76.500	C	QA	2023	C
250.500	-76.500	C	QA	2024	G
247.500	-76.500	C	QA	2025	C
244.500	-76.500	C	QA	2026	U
241.500	-76.500	C	QA	2027	G
238.500	-76.500	C	QA	2028	U
235.500	-77.250	C	QA	2029	G
-18.000	  2.250	C	QA	203	A
231.750	-75.750	C	QA	2030	m^6A
232.500	-72.000	C	QA	2031	A
235.500	-69.750	C	QA	2032	G
238.500	-70.500	C	QA	2033	A
241.500	-59.250	C	QA	2034	U
238.500	-59.250	C	QA	2035	G
241.500	-70.500	C	QA	2036	C
244.500	-70.500	C	QA	2037	A
247.500	-70.500	C	QA	2038	G
250.500	-70.500	C	QA	2039	U
-18.000	 -0.750	C	QA	204	A
253.500	-70.500	C	QA	2040	G
256.500	-70.500	C	QA	2041	U
259.500	-70.500	C	QA	2042	A
189.750	106.500	C	QA	2043	C
186.750	106.500	C	QA	2044	C
183.750	106.500	C	QA	2045	C
180.750	106.500	C	QA	2046	G
177.750	106.500	C	QA	2047	C
174.750	106.500	C	QA	2048	G
171.750	106.500	C	QA	2049	G
-22.500	 -3.750	C	QA	205	G
168.750	106.500	C	QA	2050	C
165.750	101.250	C	QA	2051	A
165.750	106.500	C	QA	2052	A
162.750	106.500	C	QA	2053	G
159.750	106.500	C	QA	2054	A
156.000	105.000	C	QA	2055	C
153.000	106.500	C	QA	2056	G
150.000	106.500	C	QA	2057	G
147.000	106.500	C	QA	2058	A
144.000	106.500	C	QA	2059	A
-18.000	 -3.750	C	QA	206	U
132.000	163.500	C	QA	2060	A
129.750	163.500	C	QA	2061	G
128.250	160.500	C	QA	2062	A
126.750	163.500	C	QA	2063	C
120.750	163.500	C	QA	2064	C
117.750	163.500	C	QA	2065	C
114.750	163.500	C	QA	2066	C
111.750	163.500	C	QA	2067	G
109.500	160.500	C	QA	2068	U
108.000	163.500	C	QA	2069	m^7G
-18.000	 -6.750	C	QA	207	A
105.000	163.500	C	QA	2070	A
 99.000	163.500	C	QA	2071	A
 96.000	163.500	C	QA	2072	C
 93.000	163.500	C	QA	2073	C
 90.000	163.500	C	QA	2074	U
 84.750	163.500	C	QA	2075	U
 83.250	166.500	C	QA	2076	U
 84.750	169.500	C	QA	2077	A
 81.750	169.500	C	QA	2078	C
 78.750	169.500	C	QA	2079	U
-18.000	 -9.750	C	QA	208	C
 75.750	169.500	C	QA	2080	A
 72.750	169.500	C	QA	2081	U
 69.000	169.500	C	QA	2082	A
 66.000	169.500	C	QA	2083	G
 63.000	169.500	C	QA	2084	C
 60.000	169.500	C	QA	2085	U
 57.750	169.500	C	QA	2086	U
 54.750	169.500	C	QA	2087	G
 51.750	169.500	C	QA	2088	A
 48.750	169.500	C	QA	2089	C
-18.000	-12.750	C	QA	209	C
 45.750	169.500	C	QA	2090	A
 42.750	169.500	C	QA	2091	C
  5.250	169.500	C	QA	2092	U
 -1.500	175.500	C	QA	2093	G
 -1.500	178.500	C	QA	2094	A
 -1.500	181.500	C	QA	2095	A
 -1.500	184.500	C	QA	2096	C
 -1.500	187.500	C	QA	2097	A
 -1.500	190.500	C	QA	2098	U
 -1.500	193.500	C	QA	2099	U
 62.250	-42.000	C	QA	21	A
-18.000	-15.750	C	QA	210	C
 -1.500	196.500	C	QA	2100	G
 -1.500	199.500	C	QA	2101	A
 -1.500	202.500	C	QA	2102	G
 -1.500	205.500	C	QA	2103	C
 -1.500	208.359	C	QA	2104	C
 -1.500	211.500	C	QA	2105	U
 -1.500	214.500	C	QA	2106	U
 -1.500	217.500	C	QA	2107	G
 -1.500	220.500	C	QA	2108	A
 -1.500	223.500	C	QA	2109	U
-18.000	-18.750	C	QA	211	C
 -1.500	226.500	C	QA	2110	G
  2.250	226.500	C	QA	2111	U
  6.000	227.250	C	QA	2112	G
  8.250	229.500	C	QA	2113	U
 11.250	232.500	C	QA	2114	A
 12.000	236.250	C	QA	2115	G
  9.750	238.500	C	QA	2116	G
  6.000	237.750	C	QA	2117	A
  3.750	234.750	C	QA	2118	U
  1.500	232.500	C	QA	2119	A
-18.000	-21.750	C	QA	212	G
 -1.500	230.250	C	QA	2120	G
 -1.500	233.250	C	QA	2121	G
 -1.500	236.250	C	QA	2122	U
 -1.500	239.250	C	QA	2123	G
 -1.500	242.250	C	QA	2124	G
 -1.500	245.250	C	QA	2125	G
-13.500	245.250	C	QA	2126	A
-17.250	245.250	C	QA	2127	G
-20.250	245.250	C	QA	2128	G
-23.250	245.250	C	QA	2129	C
-21.000	-24.000	C	QA	213	A
-26.250	245.250	C	QA	2130	U
-29.250	245.250	C	QA	2131	U
-32.250	245.250	C	QA	2132	U
-51.000	231.000	C	QA	2133	G
-48.000	231.000	C	QA	2134	A
-45.000	231.000	C	QA	2135	A
-42.000	231.000	C	QA	2136	G
-39.000	231.000	C	QA	2137	U
-36.000	231.000	C	QA	2138	G
-33.000	231.000	C	QA	2139	U
-18.000	-25.500	C	QA	214	G
-30.000	231.000	C	QA	2140	G
-27.000	231.000	C	QA	2141	G
-24.000	231.000	C	QA	2142	A
-21.000	231.000	C	QA	2143	C
-18.000	231.000	C	QA	2144	G
-15.000	229.500	C	QA	2145	C
-15.000	225.750	C	QA	2146	C
-18.000	225.000	C	QA	2147	A
-21.000	225.000	C	QA	2148	G
-24.000	225.000	C	QA	2149	U
-24.000	-42.750	C	QA	215	G
-27.000	225.000	C	QA	2150	C
-30.000	225.000	C	QA	2151	U
-33.000	225.000	C	QA	2152	G
-36.000	225.000	C	QA	2153	C
-39.000	225.000	C	QA	2154	A
-42.000	225.000	C	QA	2155	U
-45.000	225.000	C	QA	2156	G
-48.000	225.000	C	QA	2157	G
-51.000	225.000	C	QA	2158	A
-23.250	251.250	C	QA	2159	G
-27.000	-42.750	C	QA	216	A
-20.250	251.250	C	QA	2160	C
-17.250	251.250	C	QA	2161	C
-13.500	251.250	C	QA	2162	G
 -9.750	252.000	C	QA	2163	A
 -6.000	254.250	C	QA	2164	C
 -2.250	254.250	C	QA	2165	C
  1.500	255.000	C	QA	2166	U
  5.250	255.000	C	QA	2167	U
  8.250	252.000	C	QA	2168	G
  5.250	249.750	C	QA	2169	A
-30.000	-42.750	C	QA	217	A
  1.500	249.000	C	QA	2170	A
 -1.500	249.000	C	QA	2171	A
 -4.500	248.250	C	QA	2172	U
 -7.500	248.250	C	QA	2173	A
 -7.500	242.250	C	QA	2174	C
 -7.500	239.250	C	QA	2175	C
 -7.500	236.250	C	QA	2176	A
 -7.500	233.250	C	QA	2177	C
 -7.500	230.250	C	QA	2178	C
 -7.500	226.500	C	QA	2179	C
-33.000	-42.750	C	QA	218	A
 -7.500	223.500	C	QA	2180	U
 -7.500	220.500	C	QA	2181	U
 -7.500	217.500	C	QA	2182	U
 -7.500	214.500	C	QA	2183	A
 -7.500	211.500	C	QA	2184	A
 -7.500	208.500	C	QA	2185	U
 -7.500	205.500	C	QA	2186	G
 -7.500	202.500	C	QA	2187	U
 -7.500	199.500	C	QA	2188	U
 -7.500	196.500	C	QA	2189	U
-36.750	-42.750	C	QA	219	A
 -7.500	193.500	C	QA	2190	G
 -7.500	190.500	C	QA	2191	A
 -7.500	187.500	C	QA	2192	U
 -7.500	184.500	C	QA	2193	G
 -7.500	181.500	C	QA	2194	U
 -7.500	178.500	C	QA	2195	U
 -7.500	175.500	C	QA	2196	C
 -7.500	171.750	C	QA	2197	U
-10.500	170.250	C	QA	2198	A
 -7.500	168.750	C	QA	2199	A
 59.250	-42.000	C	QA	22	C
-39.750	-42.750	C	QA	220	G
 -7.500	165.750	C	QA	2200	C
 -7.500	162.750	C	QA	2201	G
 -7.500	159.750	C	QA	2202	U
-11.250	158.250	C	QA	2203	U
 -7.500	156.000	C	QA	2204	G
 -7.500	153.000	C	QA	2205	A
 -7.500	150.000	C	QA	2206	C
 -7.500	147.000	C	QA	2207	C
 -7.500	144.000	C	QA	2208	C
 -7.500	141.000	C	QA	2209	G
-42.750	-42.750	C	QA	221	A
 -7.500	138.000	C	QA	2210	U
 -7.500	135.000	C	QA	2211	A
 -4.500	133.500	C	QA	2212	A
 -1.500	135.000	C	QA	2213	U
 -1.500	138.000	C	QA	2214	C
 -1.500	141.000	C	QA	2215	C
 -1.500	144.000	C	QA	2216	G
 -1.500	147.000	C	QA	2217	G
 -1.500	150.000	C	QA	2218	G
 -1.500	153.000	C	QA	2219	U
-45.750	-33.000	C	QA	222	A
 -1.500	156.000	C	QA	2220	U
 -1.500	159.750	C	QA	2221	G
 -1.500	162.750	C	QA	2222	C
 -1.500	165.750	C	QA	2223	G
 -1.500	168.750	C	QA	2224	G
 -1.500	171.750	C	QA	2225	A
  2.250	175.500	C	QA	2226	C
  5.250	175.500	C	QA	2227	A
 42.750	175.500	C	QA	2228	G
 45.750	175.500	C	QA	2229	U
-48.000	-31.500	C	QA	223	A
 48.750	175.500	C	QA	2230	G
 51.750	175.500	C	QA	2231	U
 54.750	175.500	C	QA	2232	C
 57.750	175.500	C	QA	2233	U
 60.000	175.500	C	QA	2234	G
 63.000	175.500	C	QA	2235	G
 66.000	175.500	C	QA	2236	U
 69.000	175.500	C	QA	2237	G
 70.500	178.500	C	QA	2238	G
 72.750	175.500	C	QA	2239	G
-45.750	-30.000	C	QA	224	U
 75.750	175.500	C	QA	2240	U
 78.750	175.500	C	QA	2241	A
 81.750	175.500	C	QA	2242	G
 84.750	175.500	C	QA	2243	U
 90.000	175.500	C	QA	2244	U
 93.000	175.500	C	QA	2245	U
 95.250	178.500	C	QA	2246	G
 98.250	178.500	C	QA	2247	A
101.250	178.500	C	QA	2248	C
104.250	178.500	C	QA	2249	U
-45.750	-27.000	C	QA	225	C
107.250	178.500	C	QA	2250	G
110.250	178.500	C	QA	2251	Gm
111.750	181.500	C	QA	2252	G
110.250	184.500	C	QA	2253	G
107.250	184.500	C	QA	2254	C
104.250	184.500	C	QA	2255	G
101.250	184.500	C	QA	2256	G
 98.250	184.500	C	QA	2257	U
 95.250	184.500	C	QA	2258	C
120.000	218.250	C	QA	2259	U
-45.750	-24.000	C	QA	226	A
120.000	221.250	C	QA	2260	C
120.000	224.250	C	QA	2261	C
120.000	227.250	C	QA	2262	U
120.000	230.250	C	QA	2263	C
120.000	233.250	C	QA	2264	C
120.000	236.250	C	QA	2265	U
120.000	239.250	C	QA	2266	A
120.000	242.250	C	QA	2267	A
120.000	245.250	C	QA	2268	A
118.500	248.250	C	QA	2269	G
-44.250	-21.000	C	QA	227	A
115.500	248.250	C	QA	2270	A
114.000	245.250	C	QA	2271	G
114.000	242.250	C	QA	2272	U
114.000	239.250	C	QA	2273	A
114.000	236.250	C	QA	2274	A
111.000	234.750	C	QA	2275	C
114.000	233.250	C	QA	2276	G
114.000	230.250	C	QA	2277	G
114.000	227.250	C	QA	2278	A
114.000	224.250	C	QA	2279	G
-41.250	-21.000	C	QA	228	C
114.000	221.250	C	QA	2280	G
114.000	218.250	C	QA	2281	A
110.250	218.250	C	QA	2282	G
 83.250	234.750	C	QA	2283	C
 80.250	234.750	C	QA	2284	A
 77.250	234.750	C	QA	2285	C
 74.250	234.750	C	QA	2286	G
 62.250	256.500	C	QA	2287	A
 62.250	256.500	C	QA	2288	A
 65.250	256.500	C	QA	2289	G
-39.750	-24.000	C	QA	229	C
 68.250	256.500	C	QA	2290	G
 71.250	256.500	C	QA	2291	U
 74.250	256.500	C	QA	2292	U
 77.250	256.500	C	QA	2293	G
 80.250	256.500	C	QA	2294	G
 83.250	256.500	C	QA	2295	C
 86.250	256.500	C	QA	2296	U
103.500	259.500	C	QA	2297	A
106.500	259.500	C	QA	2298	A
109.500	259.500	C	QA	2299	U
 56.250	-42.000	C	QA	23	G
-39.750	-27.000	C	QA	230	G
112.500	259.500	C	QA	2300	C
115.500	259.500	C	QA	2301	C
118.500	259.500	C	QA	2302	U
121.500	259.500	C	QA	2303	G
124.500	259.500	C	QA	2304	G
127.500	259.500	C	QA	2305	U
130.500	259.500	C	QA	2306	C
133.500	259.500	C	QA	2307	G
135.750	256.500	C	QA	2308	G
133.500	253.500	C	QA	2309	A
-39.750	-30.000	C	QA	231	A
130.500	253.500	C	QA	2310	C
127.500	253.500	C	QA	2311	A
124.500	253.500	C	QA	2312	U
121.500	253.500	C	QA	2313	C
118.500	253.500	C	QA	2314	A
115.500	253.500	C	QA	2315	G
112.500	253.500	C	QA	2316	G
109.500	253.500	C	QA	2317	A
106.500	253.500	C	QA	2318	G
103.500	253.500	C	QA	2319	G
-39.750	-33.000	C	QA	232	G
100.500	253.500	C	QA	2320	U
 97.500	252.750	C	QA	2321	U
 96.750	250.500	C	QA	2322	A
 96.750	248.250	C	QA	2323	G
 96.750	245.250	C	QA	2324	U
100.500	244.500	C	QA	2325	G
100.500	242.250	C	QA	2326	C
 96.750	231.750	C	QA	2327	A
 96.750	234.750	C	QA	2328	A
 96.750	237.750	C	QA	2329	U
-39.750	-38.250	C	QA	233	A
 96.750	240.750	C	QA	2330	G
 90.750	245.250	C	QA	2331	G
 90.750	248.250	C	QA	2332	C
 90.750	252.000	C	QA	2333	A
 88.500	252.750	C	QA	2334	U
 86.250	250.500	C	QA	2335	A
 86.250	250.500	C	QA	2336	A
 83.250	250.500	C	QA	2337	G
 80.250	250.500	C	QA	2338	C
 77.250	250.500	C	QA	2339	C
-36.750	-38.250	C	QA	234	U
 74.250	250.500	C	QA	2340	A
 71.250	250.500	C	QA	2341	G
 68.250	250.500	C	QA	2342	C
 65.250	250.500	C	QA	2343	U
 62.250	250.500	C	QA	2344	U
 59.250	250.500	C	QA	2345	G
 48.000	254.250	C	QA	2346	A
 48.000	251.250	C	QA	2347	C
 48.000	248.250	C	QA	2348	U
 48.000	245.250	C	QA	2349	G
-27.000	-30.000	C	QA	235	U
 48.000	242.250	C	QA	2350	C
 48.000	239.250	C	QA	2351	G
 48.000	236.250	C	QA	2352	A
 48.000	233.250	C	QA	2353	G
 48.000	230.250	C	QA	2354	C
 48.000	227.250	C	QA	2355	G
 48.000	224.250	C	QA	2356	U
 48.000	221.250	C	QA	2357	G
 46.500	218.250	C	QA	2358	A
 42.750	218.250	C	QA	2359	C
-27.000	-27.000	C	QA	236	C
 42.000	221.250	C	QA	2360	G
 42.000	224.250	C	QA	2361	G
 42.000	227.250	C	QA	2362	C
 42.000	230.250	C	QA	2363	G
 42.000	233.250	C	QA	2364	C
 42.000	236.250	C	QA	2365	G
 42.000	239.250	C	QA	2366	A
 42.000	242.250	C	QA	2367	G
 42.000	245.250	C	QA	2368	C
 42.000	248.250	C	QA	2369	A
-27.000	-24.000	C	QA	237	C
 42.000	251.250	C	QA	2370	G
 42.000	254.250	C	QA	2371	G
 42.000	257.250	C	QA	2372	U
 42.000	260.250	C	QA	2373	G
 42.000	263.250	C	QA	2374	C
 42.000	266.250	C	QA	2375	G
 42.750	269.250	C	QA	2376	A
 46.500	269.250	C	QA	2377	A
 48.000	266.250	C	QA	2378	A
 48.000	263.250	C	QA	2379	G
-27.000	-21.000	C	QA	238	C
 48.000	260.250	C	QA	2380	C
 48.000	257.250	C	QA	2381	A
 74.250	240.750	C	QA	2382	G
 77.250	240.750	C	QA	2383	G
 80.250	240.750	C	QA	2384	U
 90.750	240.750	C	QA	2385	C
 90.750	237.750	C	QA	2386	A
 90.750	234.750	C	QA	2387	U
 90.750	231.750	C	QA	2388	A
 90.750	228.750	C	QA	2389	G
-27.000	-18.000	C	QA	239	C
 90.750	225.750	C	QA	2390	U
 87.750	213.750	C	QA	2391	G
 84.000	213.750	C	QA	2392	A
 81.000	213.750	C	QA	2393	U
 78.750	213.750	C	QA	2394	C
 75.750	213.750	C	QA	2395	C
 72.750	213.750	C	QA	2396	G
 69.750	213.750	C	QA	2397	G
 66.750	213.750	C	QA	2398	U
 63.750	213.750	C	QA	2399	G
 53.250	-42.000	C	QA	24	G
-27.000	-15.000	C	QA	240	C
 60.750	213.750	C	QA	2400	G
 57.750	213.750	C	QA	2401	U
 55.500	216.750	C	QA	2402	U
 54.000	213.750	C	QA	2403	C
 51.000	213.750	C	QA	2404	U
 48.000	213.750	C	QA	2405	G
 44.250	213.750	C	QA	2406	A
 40.500	214.500	C	QA	2407	A
 38.250	213.000	C	QA	2408	U
 37.500	209.250	C	QA	2409	G
-27.000	-12.000	C	QA	241	A
 41.250	207.000	C	QA	2410	G
 44.250	207.750	C	QA	2411	A
 48.000	207.750	C	QA	2412	A
 51.000	207.750	C	QA	2413	G
 54.000	207.750	C	QA	2414	G
 57.750	207.750	C	QA	2415	G
 60.750	207.750	C	QA	2416	C
 63.750	207.750	C	QA	2417	C
 66.750	207.750	C	QA	2418	A
 69.750	207.750	C	QA	2419	U
-22.500	 -9.000	C	QA	242	G
 72.750	207.750	C	QA	2420	C
 75.750	207.750	C	QA	2421	G
 81.000	207.750	C	QA	2422	C
 82.500	204.000	C	QA	2423	U
 84.000	207.750	C	QA	2424	C
 87.750	207.750	C	QA	2425	A
 90.750	184.500	C	QA	2426	A
 89.250	186.000	C	QA	2427	C
 86.250	186.750	C	QA	2428	G
 82.500	186.750	C	QA	2429	G
-27.000	 -9.000	C	QA	243	U
 78.000	186.000	C	QA	2430	A
 76.500	183.000	C	QA	2431	U
 79.500	180.000	C	QA	2432	A
 83.250	179.250	C	QA	2433	A
 87.000	178.500	C	QA	2434	A
 90.000	169.500	C	QA	2435	A
 93.000	169.500	C	QA	2436	G
 96.000	169.500	C	QA	2437	G
 99.000	169.500	C	QA	2438	U
100.500	171.000	C	QA	2439	A
-27.000	 -6.000	C	QA	244	A
102.000	169.500	C	QA	2440	C
105.000	169.500	C	QA	2441	U
108.000	169.500	C	QA	2442	C
111.750	169.500	C	QA	2443	C
114.750	169.500	C	QA	2444	G
117.750	169.500	C	QA	2445	m^2G
120.750	169.500	C	QA	2446	G
121.500	172.500	C	QA	2447	G
123.750	172.500	C	QA	2448	A
124.500	169.500	C	QA	2449	U
-27.000	 -3.000	C	QA	245	G
126.750	169.500	C	QA	2450	A
129.750	169.500	C	QA	2451	A
137.250	169.500	C	QA	2452	C
139.500	169.500	C	QA	2453	A
145.500	169.500	C	QA	2454	G
148.500	169.500	C	QA	2455	G
151.500	169.500	C	QA	2456	C
154.500	169.500	C	QA	2457	\psi
157.500	176.250	C	QA	2458	G
157.500	169.500	C	QA	2459	A
-27.000	 -0.000	C	QA	246	C
160.500	169.500	C	QA	2460	U
166.500	169.500	C	QA	2461	A
169.500	169.500	C	QA	2462	C
172.500	169.500	C	QA	2463	C
175.500	169.500	C	QA	2464	G
178.500	169.500	C	QA	2465	C
181.500	169.500	C	QA	2466	C
184.500	169.500	C	QA	2467	C
187.500	169.500	C	QA	2468	A
190.500	169.500	C	QA	2469	A
-27.000	  3.000	C	QA	247	G
193.500	169.500	C	QA	2470	G
196.500	169.500	C	QA	2471	A
199.500	169.500	C	QA	2472	G
202.500	170.250	C	QA	2473	U
206.250	168.750	C	QA	2474	U
208.500	165.000	C	QA	2475	C
205.500	163.500	C	QA	2476	A
202.500	163.500	C	QA	2477	U
199.500	163.500	C	QA	2478	A
196.500	163.500	C	QA	2479	U
-27.000	  6.000	C	QA	248	G
193.500	163.500	C	QA	2480	C
190.500	163.500	C	QA	2481	G
187.500	163.500	C	QA	2482	A
184.500	163.500	C	QA	2483	C
181.500	163.500	C	QA	2484	G
178.500	163.500	C	QA	2485	G
175.500	163.500	C	QA	2486	C
172.500	163.500	C	QA	2487	G
169.500	163.500	C	QA	2488	G
166.500	163.500	C	QA	2489	U
-30.000	  7.500	C	QA	249	C
163.500	163.500	C	QA	2490	G
162.000	160.500	C	QA	2491	U
160.500	163.500	C	QA	2492	U
157.500	163.500	C	QA	2493	U
154.500	163.500	C	QA	2494	G
151.500	163.500	C	QA	2495	G
148.500	163.500	C	QA	2496	C
145.500	158.250	C	QA	2497	A
145.500	163.500	C	QA	2498	Cm
142.500	163.500	C	QA	2499	C
 50.250	-42.000	C	QA	25	U
-33.000	  6.000	C	QA	250	G
139.500	163.500	C	QA	2500	U
136.500	163.500	C	QA	2501	C
135.000	162.000	C	QA	2502	G
139.500	148.500	C	QA	2503	m^2A
142.500	148.500	C	QA	2504	\psi
145.500	148.500	C	QA	2505	G
148.500	148.500	C	QA	2506	U
151.500	148.500	C	QA	2507	C
155.250	148.500	C	QA	2508	G
158.250	148.500	C	QA	2509	G
-33.000	  3.000	C	QA	251	A
161.250	148.500	C	QA	2510	C
165.000	148.500	C	QA	2511	U
168.000	148.500	C	QA	2512	C
171.750	148.500	C	QA	2513	A
174.750	148.500	C	QA	2514	U
177.750	148.500	C	QA	2515	C
180.750	148.500	C	QA	2516	A
183.750	148.500	C	QA	2517	C
186.750	148.500	C	QA	2518	A
190.500	148.500	C	QA	2519	U
-33.000	  0.000	C	QA	252	G
190.500	143.250	C	QA	2520	C
193.500	143.250	C	QA	2521	C
196.500	143.250	C	QA	2522	U
200.250	143.250	C	QA	2523	G
203.250	143.250	C	QA	2524	G
206.250	143.250	C	QA	2525	G
209.250	143.250	C	QA	2526	G
212.250	143.250	C	QA	2527	C
215.250	143.250	C	QA	2528	U
218.250	144.750	C	QA	2529	G
-33.000	 -3.000	C	QA	253	C
221.250	144.750	C	QA	2530	A
224.250	142.500	C	QA	2531	A
224.250	139.500	C	QA	2532	G
221.250	136.500	C	QA	2533	U
218.250	135.750	C	QA	2534	A
215.250	137.250	C	QA	2535	G
212.250	137.250	C	QA	2536	G
209.250	137.250	C	QA	2537	U
206.250	137.250	C	QA	2538	C
203.250	137.250	C	QA	2539	C
-33.000	 -6.000	C	QA	254	G
200.250	137.250	C	QA	2540	C
199.500	134.250	C	QA	2541	A
197.250	134.250	C	QA	2542	A
196.500	137.250	C	QA	2543	G
193.500	137.250	C	QA	2544	G
190.500	137.250	C	QA	2545	G
183.750	137.250	C	QA	2546	U
183.750	129.750	C	QA	2547	A
180.750	129.750	C	QA	2548	U
177.750	129.750	C	QA	2549	G
-33.000	 -9.000	C	QA	255	A
174.750	129.750	C	QA	2550	G
171.750	129.750	C	QA	2551	C
168.750	129.750	C	QA	2552	Um
165.750	130.500	C	QA	2553	G
163.500	126.750	C	QA	2554	U
165.750	123.750	C	QA	2555	U
168.750	123.750	C	QA	2556	C
171.750	123.750	C	QA	2557	G
174.750	123.750	C	QA	2558	C
177.750	123.750	C	QA	2559	C
-33.000	-12.000	C	QA	256	A
180.750	123.750	C	QA	2560	A
183.750	123.750	C	QA	2561	U
186.750	123.750	C	QA	2562	U
190.500	123.750	C	QA	2563	U
192.750	126.750	C	QA	2564	A
190.500	129.750	C	QA	2565	A
186.750	129.750	C	QA	2566	A
183.750	142.500	C	QA	2567	G
180.750	142.500	C	QA	2568	U
177.750	142.500	C	QA	2569	G
-33.000	-15.000	C	QA	257	C
174.750	142.500	C	QA	2570	G
171.750	142.500	C	QA	2571	U
171.000	140.250	C	QA	2572	A
168.000	140.250	C	QA	2573	C
168.000	142.500	C	QA	2574	G
165.000	142.500	C	QA	2575	C
164.250	140.250	C	QA	2576	G
162.000	140.250	C	QA	2577	A
161.250	142.500	C	QA	2578	G
158.250	142.500	C	QA	2579	C
-33.000	-18.000	C	QA	258	G
155.250	142.500	C	QA	2580	\psi
153.750	139.500	C	QA	2581	G
151.500	142.500	C	QA	2582	G
148.500	142.500	C	QA	2583	G
144.750	142.500	C	QA	2584	U
141.750	142.500	C	QA	2585	U
127.500	142.500	C	QA	2586	U
124.500	142.500	C	QA	2587	A
120.750	142.500	C	QA	2588	G
117.750	142.500	C	QA	2589	A
-33.000	-21.000	C	QA	259	G
114.750	142.500	C	QA	2590	A
111.750	142.500	C	QA	2591	C
108.000	142.500	C	QA	2592	G
105.000	142.500	C	QA	2593	U
102.000	142.500	C	QA	2594	C
 99.000	142.500	C	QA	2595	G
 96.000	144.000	C	QA	2596	U
 96.000	147.750	C	QA	2597	G
 99.000	148.500	C	QA	2598	A
102.000	148.500	C	QA	2599	G
 47.250	-42.000	C	QA	26	G
-33.000	-24.000	C	QA	260	G
105.000	148.500	C	QA	2600	A
108.000	148.500	C	QA	2601	C
110.250	152.250	C	QA	2602	A
111.750	148.500	C	QA	2603	G
114.750	148.500	C	QA	2604	U
117.750	148.500	C	QA	2605	\psi
120.750	148.500	C	QA	2606	C
123.000	150.750	C	QA	2607	G
124.500	148.500	C	QA	2608	G
144.000	112.500	C	QA	2609	U
-33.000	-27.000	C	QA	261	G
147.000	112.500	C	QA	2610	C
150.000	112.500	C	QA	2611	C
153.000	112.500	C	QA	2612	C
153.750	115.500	C	QA	2613	U
156.750	115.500	C	QA	2614	A
159.750	112.500	C	QA	2615	U
162.750	112.500	C	QA	2616	C
165.750	112.500	C	QA	2617	U
168.750	112.500	C	QA	2618	G
171.750	112.500	C	QA	2619	C
-33.000	-30.000	C	QA	262	A
174.750	112.500	C	QA	2620	C
177.750	112.500	C	QA	2621	G
180.750	112.500	C	QA	2622	U
183.750	112.500	C	QA	2623	G
186.750	112.500	C	QA	2624	G
189.750	112.500	C	QA	2625	G
242.250	 43.500	C	QA	2626	C
244.500	 40.500	C	QA	2627	G
246.750	 37.500	C	QA	2628	C
249.000	 36.000	C	QA	2629	U
-33.000	-33.000	C	QA	263	G
258.000	 39.000	C	QA	2630	G
258.000	 42.000	C	QA	2631	G
258.000	 45.000	C	QA	2632	A
258.000	 48.000	C	QA	2633	G
258.000	 51.000	C	QA	2634	A
258.000	 54.000	C	QA	2635	A
258.000	 57.000	C	QA	2636	C
258.000	 60.750	C	QA	2637	U
258.000	 63.750	C	QA	2638	G
258.000	 66.750	C	QA	2639	A
-33.000	-36.000	C	QA	264	C
258.000	 69.750	C	QA	2640	G
258.000	 72.750	C	QA	2641	G
258.000	 75.750	C	QA	2642	G
258.000	 78.750	C	QA	2643	G
258.000	 81.750	C	QA	2644	G
261.000	 81.750	C	QA	2645	G
270.000	 84.750	C	QA	2646	C
270.000	 87.750	C	QA	2647	U
270.000	 90.750	C	QA	2648	G
270.000	 93.750	C	QA	2649	C
-51.000	-48.750	C	QA	265	A
270.000	 96.750	C	QA	2650	U
270.000	 99.750	C	QA	2651	C
270.000	102.750	C	QA	2652	C
270.000	105.750	C	QA	2653	U
270.000	108.750	C	QA	2654	A
264.750	111.750	C	QA	2655	G
270.000	111.750	C	QA	2656	U
270.000	114.750	C	QA	2657	A
270.000	117.750	C	QA	2658	C
270.000	120.750	C	QA	2659	G
-54.000	-48.750	C	QA	266	G
271.500	124.500	C	QA	2660	A
274.500	124.500	C	QA	2661	G
276.000	120.750	C	QA	2662	A
276.000	117.750	C	QA	2663	G
276.000	114.750	C	QA	2664	G
276.000	111.750	C	QA	2665	A
276.000	108.750	C	QA	2666	C
276.000	105.750	C	QA	2667	C
276.000	102.750	C	QA	2668	G
276.000	 99.750	C	QA	2669	G
-57.000	-48.750	C	QA	267	C
276.000	 96.750	C	QA	2670	A
276.000	 93.750	C	QA	2671	G
276.000	 90.750	C	QA	2672	U
276.000	 87.750	C	QA	2673	G
276.000	 84.750	C	QA	2674	G
276.000	 81.750	C	QA	2675	A
276.000	 78.750	C	QA	2676	C
276.000	 75.750	C	QA	2677	G
276.000	 72.750	C	QA	2678	C
276.000	 69.750	C	QA	2679	A
-60.000	-48.750	C	QA	268	C
276.000	 66.750	C	QA	2680	U
279.000	 66.750	C	QA	2681	C
281.250	 63.750	C	QA	2682	A
279.750	 60.750	C	QA	2683	C
276.000	 61.500	C	QA	2684	U
276.000	 58.500	C	QA	2685	G
276.000	 55.500	C	QA	2686	G
276.000	 52.500	C	QA	2687	U
276.000	 49.500	C	QA	2688	G
277.500	 46.500	C	QA	2689	U
-63.000	-48.750	C	QA	269	C
277.500	 43.500	C	QA	2690	U
276.000	 40.500	C	QA	2691	C
276.000	 37.500	C	QA	2692	G
276.000	 34.500	C	QA	2693	G
276.000	 31.500	C	QA	2694	G
276.000	 28.500	C	QA	2695	U
276.000	 24.750	C	QA	2696	U
276.000	 21.750	C	QA	2697	G
276.000	 18.750	C	QA	2698	U
276.000	 15.750	C	QA	2699	C
 44.250	-42.000	C	QA	27	G
-66.000	-48.750	C	QA	270	A
276.000	 12.750	C	QA	2700	A
276.000	  9.750	C	QA	2701	U
276.000	  6.750	C	QA	2702	G
273.750	  4.500	C	QA	2703	C
270.750	  4.500	C	QA	2704	C
270.000	  6.750	C	QA	2705	A
270.000	  9.750	C	QA	2706	A
270.000	 12.750	C	QA	2707	U
270.000	 15.750	C	QA	2708	G
270.000	 18.750	C	QA	2709	G
-104.250	 15.750	C	QA	271	G
270.000	 21.750	C	QA	2710	C
270.000	 24.750	C	QA	2711	A
267.000	 24.750	C	QA	2712	C
267.000	 27.750	C	QA	2713	U
270.000	 28.500	C	QA	2714	G
270.000	 31.500	C	QA	2715	C
270.000	 34.500	C	QA	2716	C
270.000	 37.500	C	QA	2717	C
270.000	 40.500	C	QA	2718	G
270.000	 43.500	C	QA	2719	G
-104.250	 18.750	C	QA	272	A
270.000	 46.500	C	QA	2720	U
270.000	 49.500	C	QA	2721	A
270.000	 52.500	C	QA	2722	G
270.000	 55.500	C	QA	2723	C
270.000	 58.500	C	QA	2724	U
270.000	 61.500	C	QA	2725	A
267.000	 64.500	C	QA	2726	A
270.000	 66.750	C	QA	2727	A
270.000	 69.750	C	QA	2728	U
270.000	 72.750	C	QA	2729	G
-104.250	 21.750	C	QA	273	G
270.000	 75.750	C	QA	2730	C
270.000	 78.750	C	QA	2731	G
270.000	 81.750	C	QA	2732	G
261.000	 87.000	C	QA	2733	A
258.000	 87.000	C	QA	2734	A
258.000	 90.000	C	QA	2735	G
258.000	 93.000	C	QA	2736	A
258.000	 96.000	C	QA	2737	G
258.000	 99.000	C	QA	2738	A
258.000	102.000	C	QA	2739	U
-104.250	 24.750	C	QA	274	C
258.000	105.000	C	QA	2740	A
258.000	108.000	C	QA	2741	A
258.000	111.000	C	QA	2742	G
258.000	114.000	C	QA	2743	U
258.000	117.000	C	QA	2744	G
258.000	120.000	C	QA	2745	C
258.000	123.000	C	QA	2746	U
258.000	126.000	C	QA	2747	G
258.000	129.000	C	QA	2748	A
258.000	132.000	C	QA	2749	A
-104.250	 27.750	C	QA	275	C
258.000	135.000	C	QA	2750	A
255.000	137.250	C	QA	2751	G
252.000	135.000	C	QA	2752	C
252.000	132.000	C	QA	2753	A
252.000	129.000	C	QA	2754	U
249.000	128.250	C	QA	2755	C
249.000	126.000	C	QA	2756	U
252.000	126.000	C	QA	2757	A
252.000	123.000	C	QA	2758	A
252.000	120.000	C	QA	2759	G
-104.250	 30.750	C	QA	276	U
252.000	117.000	C	QA	2760	C
252.000	114.000	C	QA	2761	A
252.000	111.000	C	QA	2762	C
252.000	108.000	C	QA	2763	G
252.000	102.000	C	QA	2764	A
252.000	102.000	C	QA	2765	A
252.000	 99.000	C	QA	2766	A
252.000	 96.000	C	QA	2767	C
252.000	 93.000	C	QA	2768	U
252.000	 90.000	C	QA	2769	U
-101.250	 33.000	C	QA	277	G
252.000	 87.000	C	QA	2770	G
252.000	 78.750	C	QA	2771	C
252.000	 75.750	C	QA	2772	C
252.000	 72.750	C	QA	2773	C
252.000	 69.750	C	QA	2774	C
252.000	 66.750	C	QA	2775	G
252.000	 60.750	C	QA	2776	A
249.000	 61.500	C	QA	2777	G
246.000	 61.500	C	QA	2778	A
245.250	 58.500	C	QA	2779	U
-98.250	 30.750	C	QA	278	A
246.750	 54.750	C	QA	2780	G
249.750	 56.250	C	QA	2781	A
252.000	 57.000	C	QA	2782	G
252.000	 54.000	C	QA	2783	U
252.000	 51.000	C	QA	2784	U
252.000	 48.000	C	QA	2785	C
252.000	 45.000	C	QA	2786	U
252.000	 42.000	C	QA	2787	C
252.000	 39.000	C	QA	2788	C
269.250	-99.750	C	QA	2789	C
-92.250	 33.750	C	QA	279	A
273.000	-99.750	C	QA	2790	U
278.250	-90.750	C	QA	2791	G
278.250	-87.750	C	QA	2792	A
278.250	-84.750	C	QA	2793	C
278.250	-81.750	C	QA	2794	C
278.250	-78.750	C	QA	2795	C
278.250	-75.750	C	QA	2796	U
279.000	-72.000	C	QA	2797	U
282.750	-72.000	C	QA	2798	U
284.250	-75.750	C	QA	2799	A
 41.250	-42.000	C	QA	28	A
-89.250	 33.750	C	QA	280	U
287.250	-77.250	C	QA	2800	A
284.250	-78.750	C	QA	2801	G
284.250	-81.750	C	QA	2802	G
284.250	-84.750	C	QA	2803	G
284.250	-87.750	C	QA	2804	U
284.250	-90.750	C	QA	2805	C
284.250	-96.000	C	QA	2806	C
284.250	-99.000	C	QA	2807	U
284.250	-103.500	C	QA	2808	G
281.250	-103.500	C	QA	2809	A
-86.250	 33.750	C	QA	281	C
278.250	-106.500	C	QA	2810	A
278.250	-109.500	C	QA	2811	G
278.250	-112.500	C	QA	2812	G
278.250	-115.500	C	QA	2813	A
274.500	-115.500	C	QA	2814	A
270.750	-116.250	C	QA	2815	C
267.750	-116.250	C	QA	2816	G
264.750	-116.250	C	QA	2817	U
261.750	-116.250	C	QA	2818	U
258.750	-116.250	C	QA	2819	G
-83.250	 33.750	C	QA	282	A
257.250	-113.250	C	QA	2820	A
255.750	-116.250	C	QA	2821	A
253.500	-115.500	C	QA	2822	G
250.500	-117.750	C	QA	2823	A
250.500	-120.750	C	QA	2824	C
253.500	-123.000	C	QA	2825	G
255.750	-122.250	C	QA	2826	A
258.750	-122.250	C	QA	2827	C
261.750	-122.250	C	QA	2828	G
264.750	-122.250	C	QA	2829	A
-80.250	 33.750	C	QA	283	G
267.750	-122.250	C	QA	2830	C
270.750	-122.250	C	QA	2831	G
273.750	-122.250	C	QA	2832	U
276.000	-124.500	C	QA	2833	U
278.250	-128.250	C	QA	2834	G
278.250	-131.250	C	QA	2835	A
282.000	-132.000	C	QA	2836	U
282.000	-135.000	C	QA	2837	A
282.000	-138.000	C	QA	2838	G
282.000	-141.750	C	QA	2839	G
-77.250	 33.750	C	QA	284	U
282.000	-144.750	C	QA	2840	C
282.000	-147.750	C	QA	2841	C
282.000	-150.750	C	QA	2842	G
282.000	-153.750	C	QA	2843	G
282.000	-156.750	C	QA	2844	G
282.000	-160.500	C	QA	2845	U
282.000	-163.500	C	QA	2846	G
282.000	-166.500	C	QA	2847	U
282.000	-169.500	C	QA	2848	G
284.250	-172.500	C	QA	2849	U
-74.250	 33.750	C	QA	285	G
281.250	-173.250	C	QA	2850	A
282.000	-176.250	C	QA	2851	A
282.000	-179.250	C	QA	2852	G
282.000	-182.250	C	QA	2853	C
282.000	-185.250	C	QA	2854	G
282.000	-188.250	C	QA	2855	C
282.000	-191.250	C	QA	2856	A
282.000	-194.250	C	QA	2857	G
283.500	-197.250	C	QA	2858	C
287.250	-197.250	C	QA	2859	G
-71.250	 33.750	C	QA	286	U
288.750	-194.250	C	QA	2860	A
288.000	-191.250	C	QA	2861	U
288.000	-188.250	C	QA	2862	G
288.000	-185.250	C	QA	2863	C
288.000	-182.250	C	QA	2864	G
288.000	-179.250	C	QA	2865	U
288.000	-176.250	C	QA	2866	U
291.000	-169.500	C	QA	2867	G
288.000	-169.500	C	QA	2868	A
288.000	-166.500	C	QA	2869	G
-68.250	 33.750	C	QA	287	G
288.000	-163.500	C	QA	2870	C
288.000	-160.500	C	QA	2871	U
290.250	-159.000	C	QA	2872	A
290.250	-155.250	C	QA	2873	A
288.000	-153.750	C	QA	2874	C
288.000	-150.750	C	QA	2875	C
288.000	-147.750	C	QA	2876	G
288.000	-144.750	C	QA	2877	G
288.000	-141.750	C	QA	2878	U
291.000	-139.500	C	QA	2879	A
-65.250	 33.750	C	QA	288	U
288.000	-138.000	C	QA	2880	C
288.000	-135.000	C	QA	2881	U
288.000	-132.000	C	QA	2882	A
288.000	-128.250	C	QA	2883	A
288.750	-124.500	C	QA	2884	U
288.000	-121.500	C	QA	2885	G
285.750	-118.500	C	QA	2886	A
284.250	-115.500	C	QA	2887	A
284.250	-112.500	C	QA	2888	C
284.250	-109.500	C	QA	2889	C
-62.250	 33.750	C	QA	289	G
284.250	-106.500	C	QA	2890	G
278.250	-99.000	C	QA	2891	U
278.250	-96.000	C	QA	2892	G
273.000	-90.750	C	QA	2893	A
269.250	-90.750	C	QA	2894	G
269.250	-47.250	C	QA	2895	G
272.250	-47.250	C	QA	2896	C
275.250	-47.250	C	QA	2897	U
278.250	-47.250	C	QA	2898	U
281.250	-47.250	C	QA	2899	A
 38.250	-42.000	C	QA	29	U
-59.250	 33.750	C	QA	290	U
284.250	-47.250	C	QA	2900	A
287.250	-47.250	C	QA	2901	C
290.250	-47.250	C	QA	2902	C
290.250	-50.250	C	QA	2903	U
290.250	-54.000	C	QA	2904	U
-56.250	 33.750	C	QA	291	G
-53.250	 33.750	C	QA	292	U
-50.250	 33.750	C	QA	293	U
-42.750	 36.000	C	QA	294	A
-39.750	 36.000	C	QA	295	G
-36.750	 36.000	C	QA	296	U
-33.750	 36.000	C	QA	297	G
-30.750	 36.000	C	QA	298	G
-30.750	 39.000	C	QA	299	A
284.250	-41.250	C	QA	3	U
 35.250	-42.000	C	QA	30	G
-28.500	 39.000	C	QA	300	A
 -5.250	 42.000	C	QA	301	G
 -2.250	 42.000	C	QA	302	C
  0.750	 42.000	C	QA	303	G
  3.750	 42.000	C	QA	304	U
  6.750	 42.000	C	QA	305	C
  9.750	 42.000	C	QA	306	U
 12.750	 42.000	C	QA	307	G
 15.000	 45.000	C	QA	308	G
 12.750	 48.000	C	QA	309	A
 32.250	-42.000	C	QA	31	C
  9.750	 48.000	C	QA	310	A
  9.000	 50.250	C	QA	311	A
  6.750	 48.000	C	QA	312	G
  3.750	 48.000	C	QA	313	G
  0.750	 48.000	C	QA	314	C
 -2.250	 48.000	C	QA	315	G
 -5.250	 48.000	C	QA	316	C
 -8.250	 48.000	C	QA	317	G
-11.250	 48.000	C	QA	318	C
-14.250	 48.000	C	QA	319	G
 29.250	-42.000	C	QA	32	C
-17.250	 48.000	C	QA	320	A
-19.500	 48.000	C	QA	321	U
-27.000	 36.000	C	QA	322	A
-24.000	 36.000	C	QA	323	C
-20.250	 24.000	C	QA	324	A
-17.250	 24.000	C	QA	325	G
-14.250	 24.000	C	QA	326	G
-11.250	 24.000	C	QA	327	G
 -8.250	 24.000	C	QA	328	U
 -5.250	 24.000	C	QA	329	G
 26.250	-42.000	C	QA	33	C
 -3.000	 27.750	C	QA	330	A
 -6.000	 29.250	C	QA	331	C
 -8.250	 30.000	C	QA	332	A
-11.250	 42.000	C	QA	333	G
 -8.250	 42.000	C	QA	334	C
-11.250	 30.000	C	QA	335	C
-14.250	 30.000	C	QA	336	C
-17.250	 30.000	C	QA	337	C
-20.250	 30.000	C	QA	338	G
-27.000	 30.000	C	QA	339	U
 12.750	-51.750	C	QA	34	U
-30.750	 30.000	C	QA	340	A
-33.750	 30.000	C	QA	341	C
-36.750	 30.000	C	QA	342	A
-39.750	 30.000	C	QA	343	C
-42.750	 30.000	C	QA	344	A
-47.250	 33.750	C	QA	345	A
-47.250	 27.750	C	QA	346	A
-50.250	 27.750	C	QA	347	A
-53.250	 27.750	C	QA	348	A
-56.250	 27.750	C	QA	349	U
 12.750	-48.750	C	QA	35	G
-59.250	 27.750	C	QA	350	G
-62.250	 27.750	C	QA	351	C
-65.250	 27.750	C	QA	352	A
-68.250	 27.750	C	QA	353	C
-71.250	 27.750	C	QA	354	A
-74.250	 27.750	C	QA	355	U
-77.250	 27.750	C	QA	356	G
-80.250	 27.750	C	QA	357	C
-83.250	 27.750	C	QA	358	U
-86.250	 27.750	C	QA	359	G
  9.750	-48.750	C	QA	36	G
-89.250	 27.750	C	QA	360	U
-92.250	 27.750	C	QA	361	G
-98.250	 27.750	C	QA	362	A
-98.250	 24.750	C	QA	363	G
-98.250	 21.750	C	QA	364	C
-98.250	 18.750	C	QA	365	U
-98.250	 15.750	C	QA	366	C
-98.250	 12.750	C	QA	367	G
-98.250	  9.750	C	QA	368	A
-98.250	  6.750	C	QA	369	U
  6.000	-48.750	C	QA	37	C
-63.000	-42.750	C	QA	370	G
-81.750	-30.750	C	QA	371	A
-86.250	-27.750	C	QA	372	G
-81.750	-27.750	C	QA	373	U
-81.750	-24.750	C	QA	374	A
-81.750	-21.750	C	QA	375	G
-81.750	-18.750	C	QA	376	G
-81.750	-15.750	C	QA	377	G
-81.750	-12.750	C	QA	378	C
-81.750	 -9.750	C	QA	379	G
  3.000	-48.750	C	QA	38	A
-81.750	 -6.750	C	QA	380	G
-81.750	 -3.750	C	QA	381	G
-81.750	 -0.750	C	QA	382	A
-81.750	  2.250	C	QA	383	C
-82.500	  5.250	C	QA	384	A
-82.500	  8.250	C	QA	385	C
-81.000	 10.500	C	QA	386	G
-78.750	 12.000	C	QA	387	U
-75.750	 10.500	C	QA	388	G
-73.500	  8.250	C	QA	389	G
  0.000	-48.750	C	QA	39	G
-75.000	  5.250	C	QA	390	U
-75.750	  2.250	C	QA	391	A
-75.750	 -0.750	C	QA	392	U
-75.750	 -3.750	C	QA	393	C
-75.750	 -6.750	C	QA	394	C
-75.750	 -9.750	C	QA	395	U
-75.750	-12.750	C	QA	396	G
-75.750	-15.750	C	QA	397	U
-75.750	-18.750	C	QA	398	C
-75.750	-21.750	C	QA	399	U
281.250	-41.250	C	QA	4	U
 -3.000	-48.750	C	QA	40	U
-75.750	-24.750	C	QA	400	G
-75.750	-27.750	C	QA	401	A
-75.750	-30.750	C	QA	402	A
-75.750	-33.750	C	QA	403	U
-63.000	-33.750	C	QA	404	A
-66.000	-32.250	C	QA	405	U
-63.000	-30.000	C	QA	406	G
-63.000	-27.000	C	QA	407	G
-63.000	-24.000	C	QA	408	G
-63.000	-21.000	C	QA	409	G
 -6.000	-48.750	C	QA	41	C
-63.000	-18.000	C	QA	410	G
-63.750	-15.000	C	QA	411	G
-63.750	-12.000	C	QA	412	A
-61.500	 -9.750	C	QA	413	C
-58.500	 -9.750	C	QA	414	C
-55.500	-12.000	C	QA	415	A
-55.500	-15.000	C	QA	416	U
-57.000	-18.000	C	QA	417	C
-57.000	-21.000	C	QA	418	C
-57.000	-24.000	C	QA	419	U
 -9.000	-48.750	C	QA	42	A
-57.000	-27.000	C	QA	420	C
-57.000	-30.000	C	QA	421	C
-57.000	-33.750	C	QA	422	A
-57.000	-36.750	C	QA	423	A
-60.000	-42.750	C	QA	424	G
-57.000	-42.750	C	QA	425	G
-54.000	-42.750	C	QA	426	C
-51.000	-42.750	C	QA	427	U
-37.500	-48.750	C	QA	428	A
-33.750	-48.750	C	QA	429	A
-12.000	-48.750	C	QA	43	G
-30.000	-48.750	C	QA	430	A
-27.000	-48.750	C	QA	431	U
-24.000	-48.750	C	QA	432	A
-18.000	-42.750	C	QA	433	C
-15.000	-42.750	C	QA	434	U
-15.000	-37.500	C	QA	435	C
-12.000	-42.750	C	QA	436	C
 -9.000	-42.750	C	QA	437	U
 -6.000	-42.750	C	QA	438	G
 -3.000	-42.750	C	QA	439	A
-15.000	-48.750	C	QA	44	A
 -0.000	-42.750	C	QA	440	C
  3.000	-42.750	C	QA	441	U
  6.000	-42.750	C	QA	442	G
  7.500	-40.500	C	QA	443	A
  9.750	-42.750	C	QA	444	C
 12.750	-42.750	C	QA	445	C
 16.500	-42.750	C	QA	446	G
 19.500	-42.750	C	QA	447	A
 20.250	-46.500	C	QA	448	U
 19.500	-48.750	C	QA	449	A
-18.000	-48.750	C	QA	45	G
 16.500	-48.750	C	QA	450	G
 16.500	-54.750	C	QA	451	U
 15.750	-57.000	C	QA	452	G
 18.000	-57.750	C	QA	453	A
 19.500	-57.000	C	QA	454	A
 21.750	-57.750	C	QA	455	C
 22.688	-60.188	C	QA	456	C
 21.750	-62.250	C	QA	457	A
 17.250	-65.250	C	QA	458	G
 21.750	-65.250	C	QA	459	U
-69.750	-63.750	C	QA	46	G
 21.750	-68.250	C	QA	460	A
 21.750	-71.250	C	QA	461	C
 21.750	-74.250	C	QA	462	C
 21.750	-77.250	C	QA	463	G
 23.250	-80.250	C	QA	464	U
 26.250	-80.250	C	QA	465	G
 27.750	-77.250	C	QA	466	A
 27.750	-74.250	C	QA	467	G
 27.750	-71.250	C	QA	468	G
 27.750	-68.250	C	QA	469	G
-69.750	-66.750	C	QA	47	C
 27.750	-65.250	C	QA	470	A
 27.750	-62.250	C	QA	471	A
 27.750	-59.250	C	QA	472	A
 29.250	-48.000	C	QA	473	G
 32.250	-48.000	C	QA	474	G
 40.500	-60.000	C	QA	475	C
 40.500	-57.750	C	QA	476	G
 42.000	-55.500	C	QA	477	A
 44.250	-56.250	C	QA	478	A
 47.250	-58.500	C	QA	479	A
-69.750	-69.750	C	QA	48	G
 49.500	-57.750	C	QA	480	A
 56.250	-65.250	C	QA	481	G
 57.000	-66.750	C	QA	482	A
 58.500	-69.000	C	QA	483	A
 58.500	-72.000	C	QA	484	C
 58.500	-75.000	C	QA	485	C
 58.500	-78.000	C	QA	486	C
 58.500	-81.000	C	QA	487	C
 58.500	-84.000	C	QA	488	G
 59.250	-87.000	C	QA	489	G
-72.750	-78.000	C	QA	49	A
 61.500	-88.500	C	QA	490	C
 63.750	-87.000	C	QA	491	G
 64.500	-84.000	C	QA	492	A
 64.500	-81.000	C	QA	493	G
 64.500	-78.000	C	QA	494	G
 64.500	-75.000	C	QA	495	G
 64.500	-72.000	C	QA	496	G
 64.500	-69.000	C	QA	497	A
 64.500	-66.000	C	QA	498	G
 64.500	-60.000	C	QA	499	U
278.250	-41.250	C	QA	5	A
-71.250	-75.750	C	QA	50	U
 63.000	-57.000	C	QA	500	G
 60.750	-55.500	C	QA	501	A
 57.750	-56.250	C	QA	502	A
 56.250	-60.000	C	QA	503	A
 48.750	-63.750	C	QA	504	A
 45.750	-63.750	C	QA	505	A
 44.250	-65.250	C	QA	506	G
 42.750	-66.750	C	QA	507	A
 40.500	-67.500	C	QA	508	A
 40.500	-65.250	C	QA	509	C
-69.000	-78.000	C	QA	51	G
 35.250	-48.000	C	QA	510	C
 38.250	-48.000	C	QA	511	U
 41.250	-48.000	C	QA	512	G
 44.250	-48.000	C	QA	513	A
 47.250	-48.000	C	QA	514	A
 50.250	-48.000	C	QA	515	A
 53.250	-48.000	C	QA	516	C
 56.250	-48.000	C	QA	517	C
 59.250	-48.000	C	QA	518	G
 62.250	-48.000	C	QA	519	U
-66.000	-78.000	C	QA	52	A
 65.250	-48.000	C	QA	520	G
 68.250	-48.000	C	QA	521	U
 71.250	-48.000	C	QA	522	A
 74.250	-48.000	C	QA	523	C
 77.250	-48.000	C	QA	524	G
 80.250	-48.000	C	QA	525	U
 87.750	-48.000	C	QA	526	A
255.750	-39.000	C	QA	527	C
252.750	-39.000	C	QA	528	A
249.750	-39.000	C	QA	529	A
-62.250	-84.000	C	QA	53	A
246.750	-39.000	C	QA	530	G
243.750	-39.000	C	QA	531	C
241.500	-38.250	C	QA	532	A
238.500	-37.500	C	QA	533	G
238.500	-34.500	C	QA	534	U
238.500	-31.500	C	QA	535	G
238.500	-28.500	C	QA	536	G
238.500	-25.500	C	QA	537	G
238.500	-21.750	C	QA	538	A
238.500	-18.750	C	QA	539	G
-59.250	-84.000	C	QA	54	G
238.500	-15.750	C	QA	540	C
238.500	-12.750	C	QA	541	A
238.500	 -9.750	C	QA	542	C
238.500	 -6.750	C	QA	543	G
240.000	 -3.750	C	QA	544	C
240.000	 -0.750	C	QA	545	U
237.750	  2.250	C	QA	546	U
234.000	  2.250	C	QA	547	A
231.750	 -0.750	C	QA	548	G
231.750	 -3.750	C	QA	549	G
-56.250	-84.000	C	QA	55	G
232.500	 -6.750	C	QA	550	C
232.500	 -9.750	C	QA	551	G
232.500	-12.750	C	QA	552	U
232.500	-15.750	C	QA	553	G
232.500	-18.750	C	QA	554	U
232.500	-21.750	C	QA	555	G
232.500	-25.500	C	QA	556	A
232.500	-28.500	C	QA	557	C
232.500	-31.500	C	QA	558	U
232.500	-34.500	C	QA	559	G
-53.250	-84.000	C	QA	56	A
232.500	-37.500	C	QA	560	C
231.000	-40.500	C	QA	561	G
231.000	-50.250	C	QA	562	U
231.000	-53.250	C	QA	563	A
228.000	-53.250	C	QA	564	C
225.000	-53.250	C	QA	565	C
222.000	-53.250	C	QA	566	U
219.000	-53.250	C	QA	567	U
216.750	-53.250	C	QA	568	U
215.250	-56.250	C	QA	569	U
-50.250	-84.000	C	QA	57	C
216.000	-59.250	C	QA	570	G
219.000	-59.250	C	QA	571	U
218.250	-62.250	C	QA	572	A
220.500	-63.750	C	QA	573	U
222.750	-62.250	C	QA	574	A
222.000	-59.250	C	QA	575	A
225.000	-59.250	C	QA	576	U
228.000	-59.250	C	QA	577	G
231.000	-59.250	C	QA	578	G
199.500	-72.000	C	QA	579	G
-47.250	-84.000	C	QA	58	G
199.500	-69.000	C	QA	580	U
199.500	-66.000	C	QA	581	C
199.500	-63.000	C	QA	582	A
199.500	-60.000	C	QA	583	G
199.500	-57.000	C	QA	584	C
153.750	-59.250	C	QA	585	G
150.750	-59.250	C	QA	586	A
150.750	-56.250	C	QA	587	C
138.000	-36.000	C	QA	588	U
138.000	-32.250	C	QA	589	U
-44.250	-84.000	C	QA	59	U
138.000	-29.250	C	QA	590	A
138.000	-26.250	C	QA	591	U
138.000	-23.250	C	QA	592	A
138.000	-20.250	C	QA	593	U
138.000	-17.250	C	QA	594	U
138.000	-14.250	C	QA	595	C
138.000	-11.250	C	QA	596	U
138.000	 -8.250	C	QA	597	G
138.000	 -5.250	C	QA	598	U
138.000	 -2.250	C	QA	599	A
275.250	-41.250	C	QA	6	A
-41.250	-84.000	C	QA	60	G
138.000	  0.750	C	QA	600	G
138.000	  3.750	C	QA	601	C
138.000	  6.750	C	QA	602	A
141.000	 15.750	C	QA	603	A
144.000	 15.750	C	QA	604	G
147.000	 15.750	C	QA	605	G
150.000	 15.750	C	QA	606	U
153.000	 15.750	C	QA	607	U
156.000	 15.750	C	QA	608	A
159.000	 15.750	C	QA	609	A
-41.250	-90.750	C	QA	61	C
162.000	 15.750	C	QA	610	C
165.000	 15.750	C	QA	611	C
168.000	 15.750	C	QA	612	G
170.250	 15.000	C	QA	613	A
172.500	 17.250	C	QA	614	A
171.750	 21.000	C	QA	615	U
168.000	 21.750	C	QA	616	A
165.000	 21.750	C	QA	617	G
162.000	 21.750	C	QA	618	G
159.000	 21.750	C	QA	619	G
-34.500	-90.750	C	QA	62	U
156.000	 23.250	C	QA	620	G
153.000	 21.750	C	QA	621	A
150.000	 21.750	C	QA	622	G
147.000	 21.750	C	QA	623	C
144.000	 21.750	C	QA	624	C
141.000	 21.750	C	QA	625	G
138.000	 21.750	C	QA	626	A
123.000	 14.250	C	QA	627	A
123.000	 11.250	C	QA	628	G
123.000	  8.250	C	QA	629	G
-28.500	-78.000	C	QA	63	A
123.000	  5.250	C	QA	630	G
122.250	  2.250	C	QA	631	A
118.500	  2.250	C	QA	632	A
117.000	  5.250	C	QA	633	A
117.000	  8.250	C	QA	634	C
117.000	 11.250	C	QA	635	C
117.000	 14.250	C	QA	636	G
114.750	 15.750	C	QA	637	A
111.750	 15.750	C	QA	638	G
108.750	 15.750	C	QA	639	U
-31.500	-78.000	C	QA	64	A
105.750	 15.750	C	QA	640	C
102.750	 15.750	C	QA	641	U
 99.750	 15.750	C	QA	642	U
 96.750	 17.250	C	QA	643	A
 96.750	 20.250	C	QA	644	A
 99.750	 21.750	C	QA	645	C
 99.750	 27.000	C	QA	646	U
102.750	 21.750	C	QA	647	G
105.750	 21.750	C	QA	648	G
108.750	 21.750	C	QA	649	G
-34.500	-78.000	C	QA	65	U
111.750	 21.750	C	QA	650	C
114.750	 21.750	C	QA	651	G
117.750	 21.750	C	QA	652	U
121.500	 21.750	C	QA	653	U
125.250	 21.750	C	QA	654	A
128.250	 21.750	C	QA	655	A
132.000	  3.750	C	QA	656	G
132.000	  0.750	C	QA	657	U
132.000	 -2.250	C	QA	658	U
132.000	 -5.250	C	QA	659	G
-37.500	-78.000	C	QA	66	C
132.000	 -8.250	C	QA	660	C
132.000	-11.250	C	QA	661	A
132.000	-14.250	C	QA	662	G
132.000	-17.250	C	QA	663	G
132.000	-20.250	C	QA	664	G
132.000	-23.250	C	QA	665	U
132.000	-26.250	C	QA	666	A
132.000	-29.250	C	QA	667	U
132.000	-32.250	C	QA	668	A
129.750	-34.500	C	QA	669	G
-41.250	-78.000	C	QA	67	U
132.000	-36.000	C	QA	670	A
138.000	-59.250	C	QA	671	C
138.000	-62.250	C	QA	672	C
138.000	-65.250	C	QA	673	C
138.000	-68.250	C	QA	674	G
138.000	-74.250	C	QA	675	A
138.000	-77.250	C	QA	676	A
138.000	-80.250	C	QA	677	A
138.000	-83.250	C	QA	678	C
138.000	-86.250	C	QA	679	C
-44.250	-78.000	C	QA	68	G
138.000	-89.250	C	QA	680	C
138.000	-92.250	C	QA	681	G
138.000	-95.250	C	QA	682	G
138.000	-98.250	C	QA	683	U
138.000	-101.250	C	QA	684	G
144.000	-111.750	C	QA	685	A
141.750	-108.750	C	QA	686	U
138.750	-108.750	C	QA	687	C
138.000	-111.750	C	QA	688	U
138.000	-114.750	C	QA	689	A
-47.250	-78.000	C	QA	69	C
138.000	-117.750	C	QA	690	G
138.000	-120.750	C	QA	691	C
138.000	-123.750	C	QA	692	C
138.000	-126.750	C	QA	693	A
138.000	-129.750	C	QA	694	U
138.000	-132.750	C	QA	695	G
138.000	-135.750	C	QA	696	G
138.000	-138.750	C	QA	697	G
138.000	-141.750	C	QA	698	C
173.250	-147.000	C	QA	699	A
272.250	-41.250	C	QA	7	G
-50.250	-78.000	C	QA	70	G
173.250	-150.000	C	QA	700	G
173.250	-153.000	C	QA	701	G
173.250	-156.000	C	QA	702	U
173.250	-159.000	C	QA	703	U
173.250	-162.000	C	QA	704	G
173.250	-165.000	C	QA	705	A
173.250	-168.000	C	QA	706	A
173.250	-171.000	C	QA	707	G
173.250	-174.000	C	QA	708	G
173.250	-177.000	C	QA	709	U
-50.250	-73.500	C	QA	71	A
173.250	-180.000	C	QA	710	U
173.250	-183.000	C	QA	711	G
173.250	-186.000	C	QA	712	G
173.250	-189.000	C	QA	713	G
173.250	-192.000	C	QA	714	U
174.000	-195.000	C	QA	715	A
177.750	-195.000	C	QA	716	A
179.250	-192.000	C	QA	717	C
179.250	-189.000	C	QA	718	A
179.250	-186.000	C	QA	719	C
-50.250	-70.500	C	QA	72	U
179.250	-183.000	C	QA	720	U
179.250	-180.000	C	QA	721	A
179.250	-177.000	C	QA	722	A
179.250	-174.000	C	QA	723	C
179.250	-171.000	C	QA	724	U
179.250	-168.000	C	QA	725	G
179.250	-165.000	C	QA	726	G
179.250	-162.000	C	QA	727	A
179.250	-159.000	C	QA	728	G
182.250	-157.500	C	QA	729	G
-50.250	-67.500	C	QA	73	A
179.250	-156.000	C	QA	730	A
179.250	-153.000	C	QA	731	C
179.250	-150.000	C	QA	732	C
179.250	-147.000	C	QA	733	G
180.750	-144.750	C	QA	734	A
179.250	-141.750	C	QA	735	A
179.250	-138.750	C	QA	736	C
179.250	-135.750	C	QA	737	C
179.250	-132.750	C	QA	738	G
185.250	-129.000	C	QA	739	A
-48.000	-66.000	C	QA	74	A
179.250	-129.000	C	QA	740	C
179.250	-126.000	C	QA	741	U
179.250	-123.000	C	QA	742	A
179.250	-120.000	C	QA	743	A
179.250	-117.000	C	QA	744	U
181.500	-113.250	C	QA	745	1MG
181.500	-110.250	C	QA	746	\psi
179.250	-108.000	C	QA	747	m^5U
175.500	-107.250	C	QA	748	G
173.250	-109.500	C	QA	749	A
-45.000	-66.000	C	QA	75	G
173.250	-113.250	C	QA	750	A
169.500	-114.000	C	QA	751	A
169.500	-116.250	C	QA	752	A
173.250	-117.000	C	QA	753	A
173.250	-120.000	C	QA	754	U
173.250	-123.000	C	QA	755	U
173.250	-126.000	C	QA	756	A
173.250	-129.000	C	QA	757	G
173.250	-132.750	C	QA	758	C
173.250	-135.750	C	QA	759	G
-42.000	-66.000	C	QA	76	C
173.250	-138.750	C	QA	760	G
173.250	-141.750	C	QA	761	A
144.000	-144.750	C	QA	762	U
144.000	-141.750	C	QA	763	G
147.750	-139.500	C	QA	764	A
144.000	-138.750	C	QA	765	C
144.000	-135.750	C	QA	766	U
144.000	-132.750	C	QA	767	U
144.000	-129.750	C	QA	768	G
144.000	-126.750	C	QA	769	U
-39.000	-66.000	C	QA	77	G
144.000	-123.750	C	QA	770	G
144.000	-120.750	C	QA	771	G
144.000	-117.750	C	QA	772	C
144.000	-114.750	C	QA	773	U
150.750	-103.500	C	QA	774	G
152.250	-105.750	C	QA	775	G
150.000	-107.250	C	QA	776	G
152.250	-108.750	C	QA	777	G
152.250	-111.750	C	QA	778	G
152.250	-114.750	C	QA	779	U
-36.000	-66.000	C	QA	78	U
152.250	-117.750	C	QA	780	G
153.000	-120.750	C	QA	781	A
156.750	-121.500	C	QA	782	A
158.250	-117.750	C	QA	783	A
161.250	-117.000	C	QA	784	G
158.250	-114.750	C	QA	785	G
158.250	-111.750	C	QA	786	C
158.250	-108.750	C	QA	787	C
160.500	-108.750	C	QA	788	A
162.000	-107.250	C	QA	789	A
-33.000	-66.000	C	QA	79	C
160.500	-105.750	C	QA	790	U
158.250	-105.750	C	QA	791	C
157.500	-102.000	C	QA	792	A
155.250	-98.250	C	QA	793	A
144.000	-98.250	C	QA	794	A
144.000	-95.250	C	QA	795	C
144.000	-92.250	C	QA	796	C
144.000	-89.250	C	QA	797	G
144.000	-86.250	C	QA	798	G
144.000	-83.250	C	QA	799	G
269.250	-41.250	C	QA	8	C
-30.000	-66.000	C	QA	80	G
144.000	-80.250	C	QA	800	A
147.000	-78.000	C	QA	801	G
144.000	-77.250	C	QA	802	A
144.000	-74.250	C	QA	803	U
144.000	-71.250	C	QA	804	A
147.000	-70.500	C	QA	805	G
144.000	-68.250	C	QA	806	C
144.000	-65.250	C	QA	807	U
144.000	-62.250	C	QA	808	G
144.000	-59.250	C	QA	809	G
-27.000	-66.000	C	QA	81	G
144.000	-56.250	C	QA	810	U
210.750	220.500	C	QA	811	U
210.750	223.500	C	QA	812	C
213.750	223.500	C	QA	813	U
216.750	223.500	C	QA	814	C
219.750	223.500	C	QA	815	C
222.750	223.500	C	QA	816	C
225.750	223.500	C	QA	817	C
228.750	223.500	C	QA	818	G
231.750	223.500	C	QA	819	A
-24.000	-66.000	C	QA	82	U
233.250	208.500	C	QA	820	A
236.250	208.500	C	QA	821	A
164.250	234.750	C	QA	822	G
167.250	234.750	C	QA	823	C
170.250	234.750	C	QA	824	U
173.250	234.750	C	QA	825	A
176.250	234.750	C	QA	826	U
179.250	234.750	C	QA	827	U
182.250	236.250	C	QA	828	U
182.250	240.000	C	QA	829	A
-21.000	-66.000	C	QA	83	A
179.250	240.750	C	QA	830	G
176.250	240.750	C	QA	831	G
173.250	240.750	C	QA	832	U
170.250	240.750	C	QA	833	A
167.250	240.750	C	QA	834	G
164.250	240.750	C	QA	835	C
161.250	240.750	C	QA	836	G
158.250	240.750	C	QA	837	C
158.250	243.750	C	QA	838	C
158.250	246.750	C	QA	839	U
-17.250	-66.000	C	QA	84	A
158.250	249.750	C	QA	840	C
158.250	252.750	C	QA	841	G
158.250	255.750	C	QA	842	U
158.250	258.750	C	QA	843	G
158.250	261.750	C	QA	844	A
158.250	264.750	C	QA	845	A
160.500	264.750	C	QA	846	U
158.250	267.750	C	QA	847	U
162.000	268.500	C	QA	848	C
165.000	268.500	C	QA	849	A
-17.250	-69.000	C	QA	85	G
168.000	268.500	C	QA	850	U
173.250	268.500	C	QA	851	C
176.250	268.500	C	QA	852	U
179.250	268.500	C	QA	853	C
182.250	268.500	C	QA	854	C
185.250	268.500	C	QA	855	G
188.250	268.500	C	QA	856	G
191.250	268.500	C	QA	857	G
194.250	268.500	C	QA	858	G
200.250	264.000	C	QA	859	G
-17.250	-72.000	C	QA	86	G
200.250	268.500	C	QA	860	U
203.250	268.500	C	QA	861	A
206.250	268.500	C	QA	862	G
209.250	268.500	C	QA	863	A
212.250	268.500	C	QA	864	G
214.500	266.250	C	QA	865	C
217.500	266.250	C	QA	866	A
220.500	266.250	C	QA	867	C
222.750	268.500	C	QA	868	U
225.750	268.500	C	QA	869	G
-17.250	-75.000	C	QA	87	U
228.750	268.500	C	QA	870	U
231.750	268.500	C	QA	871	U
234.750	268.500	C	QA	872	U
237.750	268.500	C	QA	873	C
240.750	268.500	C	QA	874	G
243.750	268.500	C	QA	875	G
246.750	268.500	C	QA	876	C
249.750	268.500	C	QA	877	A
252.750	268.500	C	QA	878	A
255.750	268.500	C	QA	879	G
-37.500	-84.000	C	QA	88	G
258.750	268.500	C	QA	880	G
262.500	268.500	C	QA	881	G
265.500	268.500	C	QA	882	G
268.500	268.500	C	QA	883	G
271.500	268.500	C	QA	884	U
274.500	268.500	C	QA	885	C
-34.500	-84.000	C	QA	89	A
271.500	274.500	C	QA	892	A
268.500	274.500	C	QA	893	C
265.500	274.500	C	QA	894	U
262.500	274.500	C	QA	895	U
260.250	277.500	C	QA	896	A
258.750	274.500	C	QA	897	C
255.750	274.500	C	QA	898	C
252.750	274.500	C	QA	899	A
267.000	-37.500	C	QA	9	G
-31.500	-84.000	C	QA	90	U
249.750	274.500	C	QA	900	A
246.750	274.500	C	QA	901	C
243.750	274.500	C	QA	902	C
240.750	274.500	C	QA	903	C
237.750	274.500	C	QA	904	G
234.750	274.500	C	QA	905	A
231.750	274.500	C	QA	906	U
228.750	274.500	C	QA	907	G
225.750	274.500	C	QA	908	C
222.750	274.500	C	QA	909	A
-28.500	-84.000	C	QA	91	A
219.000	276.750	C	QA	910	A
215.250	276.750	C	QA	911	A
212.250	274.500	C	QA	912	C
209.250	274.500	C	QA	913	U
207.750	276.750	C	QA	914	G
206.250	274.500	C	QA	915	C
203.250	274.500	C	QA	916	G
200.250	274.500	C	QA	917	A
197.250	274.500	C	QA	918	A
194.250	274.500	C	QA	919	U
-12.000	-84.000	C	QA	92	U
191.250	274.500	C	QA	920	A
188.250	274.500	C	QA	921	C
185.250	274.500	C	QA	922	C
182.250	274.500	C	QA	923	G
179.250	274.500	C	QA	924	G
176.250	274.500	C	QA	925	A
173.250	274.500	C	QA	926	G
170.250	274.500	C	QA	927	A
168.000	274.500	C	QA	928	A
165.000	274.500	C	QA	929	U
-11.250	-81.000	C	QA	93	G
162.000	274.500	C	QA	930	G
159.750	274.500	C	QA	931	U
152.250	267.750	C	QA	932	U
152.250	264.750	C	QA	933	A
152.250	261.750	C	QA	934	U
152.250	258.750	C	QA	935	C
152.250	255.750	C	QA	936	A
152.250	252.750	C	QA	937	C
152.250	249.750	C	QA	938	G
152.250	246.750	C	QA	939	G
-11.250	-78.000	C	QA	94	A
152.250	243.750	C	QA	940	G
149.250	241.500	C	QA	941	A
152.250	240.750	C	QA	942	G
152.250	234.750	C	QA	943	A
152.250	231.000	C	QA	944	C
239.250	204.750	C	QA	945	A
239.250	208.500	C	QA	946	C
242.250	208.500	C	QA	947	A
245.250	208.500	C	QA	948	C
248.250	208.500	C	QA	949	G
-11.250	-75.000	C	QA	95	A
251.250	208.500	C	QA	950	G
254.250	208.500	C	QA	951	C
257.250	208.500	C	QA	952	G
260.250	208.500	C	QA	953	G
263.250	208.500	C	QA	954	G
266.250	208.500	C	QA	955	\psi
269.250	208.500	C	QA	956	G
272.109	208.500	C	QA	957	C
273.750	211.500	C	QA	958	U
272.250	214.500	C	QA	959	A
-11.250	-72.000	C	QA	96	C
269.250	214.500	C	QA	960	A
267.750	217.500	C	QA	961	C
266.250	214.500	C	QA	962	G
263.250	214.500	C	QA	963	U
260.250	214.500	C	QA	964	C
257.250	214.500	C	QA	965	C
254.250	214.500	C	QA	966	G
251.250	214.500	C	QA	967	U
248.250	214.500	C	QA	968	C
245.250	214.500	C	QA	969	G
-11.250	-69.000	C	QA	97	C
242.250	214.500	C	QA	970	U
239.250	214.500	C	QA	971	G
236.250	214.500	C	QA	972	A
233.250	214.500	C	QA	973	A
234.750	219.750	C	QA	974	G
234.750	223.500	C	QA	975	A
237.750	223.500	C	QA	976	G
240.750	223.500	C	QA	977	G
243.750	223.500	C	QA	978	G
246.750	223.500	C	QA	979	A
-11.250	-66.000	C	QA	98	G
250.500	223.500	C	QA	980	A
252.750	225.750	C	QA	981	A
251.250	228.750	C	QA	982	C
249.000	229.500	C	QA	983	A
246.750	229.500	C	QA	984	A
243.750	229.500	C	QA	985	C
240.750	229.500	C	QA	986	C
237.750	229.500	C	QA	987	C
236.250	232.500	C	QA	988	A
234.750	229.500	C	QA	989	G
-11.250	-63.000	C	QA	99	U
234.750	237.750	C	QA	990	A
237.750	237.750	C	QA	991	C
240.750	237.750	C	QA	992	C
243.750	237.750	C	QA	993	G
246.750	237.750	C	QA	994	C
248.250	234.750	C	QA	995	C
250.500	237.750	C	QA	996	A
253.500	237.750	C	QA	997	G
256.500	237.750	C	QA	998	C
259.500	237.750	C	QA	999	U
202.500	-108.750	C	QB	0	L32
111.750	312.000	C	RA	10	G
195.000	318.000	C	RA	100	G
190.500	318.000	C	RA	101	A
187.500	318.000	C	RA	102	G
184.500	318.000	C	RA	103	U
181.500	318.000	C	RA	104	A
178.500	318.000	C	RA	105	G
175.500	318.000	C	RA	106	G
172.500	318.000	C	RA	107	G
172.500	321.000	C	RA	108	A
117.750	309.000	C	RA	109	A
111.750	309.000	C	RA	11	C
117.750	312.000	C	RA	110	C
117.750	315.000	C	RA	111	U
117.750	318.000	C	RA	112	G
117.750	321.000	C	RA	113	C
117.750	324.000	C	RA	114	C
117.750	327.000	C	RA	115	A
117.750	330.000	C	RA	116	G
117.750	333.000	C	RA	117	G
117.750	336.000	C	RA	118	C
117.750	339.000	C	RA	119	A
110.250	306.000	C	RA	12	C
112.500	303.750	C	RA	13	G
116.250	303.750	C	RA	14	U
117.750	306.000	C	RA	15	A
168.750	318.000	C	RA	16	G
165.750	318.000	C	RA	17	C
162.750	318.000	C	RA	18	G
159.750	318.000	C	RA	19	C
111.750	336.000	C	RA	2	G
156.750	318.000	C	RA	20	G
153.750	318.000	C	RA	21	G
150.750	318.000	C	RA	22	U
147.750	318.000	C	RA	23	G
144.750	318.000	C	RA	24	G
131.250	315.750	C	RA	25	U
131.250	312.000	C	RA	26	C
131.250	309.000	C	RA	27	C
131.250	306.000	C	RA	28	C
131.250	303.000	C	RA	29	A
111.750	333.000	C	RA	3	C
131.250	300.000	C	RA	30	C
131.250	290.250	C	RA	31	C
131.250	287.250	C	RA	32	U
131.250	284.250	C	RA	33	G
131.250	281.250	C	RA	34	A
127.500	280.500	C	RA	35	C
127.500	277.500	C	RA	36	C
127.500	274.500	C	RA	37	C
131.250	273.750	C	RA	38	C
129.750	270.750	C	RA	39	A
111.750	330.000	C	RA	4	C
130.500	267.000	C	RA	40	U
134.250	265.500	C	RA	41	G
138.000	267.750	C	RA	42	C
138.000	270.750	C	RA	43	C
137.250	273.750	C	RA	44	G
140.250	274.500	C	RA	45	A
140.250	277.500	C	RA	46	A
140.250	280.500	C	RA	47	C
137.250	281.250	C	RA	48	U
137.250	284.250	C	RA	49	C
111.750	327.000	C	RA	5	U
137.250	287.250	C	RA	50	A
137.250	290.250	C	RA	51	G
140.250	292.500	C	RA	52	A
140.250	297.000	C	RA	53	A
137.250	300.000	C	RA	54	G
137.250	303.000	C	RA	55	U
137.250	306.000	C	RA	56	G
139.500	309.000	C	RA	57	A
143.250	310.500	C	RA	58	A
145.500	311.250	C	RA	59	A
111.750	324.000	C	RA	6	G
147.750	312.000	C	RA	60	C
150.750	312.000	C	RA	61	G
153.750	312.000	C	RA	62	C
156.750	312.000	C	RA	63	C
159.750	312.000	C	RA	64	G
162.750	312.000	C	RA	65	U
164.250	308.250	C	RA	66	A
165.750	312.000	C	RA	67	G
168.750	312.000	C	RA	68	C
172.500	312.000	C	RA	69	G
111.750	321.000	C	RA	7	G
175.500	312.000	C	RA	70	C
178.500	312.000	C	RA	71	C
181.500	312.000	C	RA	72	G
184.500	312.000	C	RA	73	A
187.500	312.000	C	RA	74	U
190.500	312.000	C	RA	75	G
195.000	312.000	C	RA	76	G
198.000	312.000	C	RA	77	U
201.000	312.000	C	RA	78	A
204.000	312.000	C	RA	79	G
111.750	318.000	C	RA	8	C
207.000	312.000	C	RA	80	U
210.000	312.000	C	RA	81	G
213.000	312.000	C	RA	82	U
216.000	312.000	C	RA	83	G
219.000	312.000	C	RA	84	G
222.000	312.000	C	RA	85	G
225.000	312.000	C	RA	86	G
228.750	311.250	C	RA	87	U
230.250	315.000	C	RA	88	C
228.750	318.750	C	RA	89	U
111.750	315.000	C	RA	9	G
225.000	318.000	C	RA	90	C
222.000	318.000	C	RA	91	C
219.000	318.000	C	RA	92	C
216.000	318.000	C	RA	93	C
213.000	318.000	C	RA	94	A
210.000	318.000	C	RA	95	U
207.000	318.000	C	RA	96	G
204.000	318.000	C	RA	97	C
201.000	318.000	C	RA	98	G
198.000	318.000	C	RA	99	A
 52.500	228.000	C	RB	0	L33
 45.000	 69.750	C	SA	0	L2
 15.000	-75.000	C	SB	0	L34
265.500	 61.500	C	TA	0	L3
-30.000	  8.500	C	TB	0	L35
144.000	-42.750	C	UA	0	L4
244.500	125.250	C	UB	0	L36
126.750	254.250	C	VA	0	L5
281.250	128.250	C	WA	0	L6
-11.250	177.000	C	XA	0	L9
366.750	224.250	C	YA	0	L11
291.750	231.750	C	ZA	0	L13
